ID_Alumno,Nombre_Apellido,Edad,Genero,Comision,Turno,Entregas_Previas,Entregas_A_Tiempo,Total_Actividades_Previas,Promedio_Previo,Indice_Constancia,Nota_Parcial,Estado_Final,Nota Final,Estado,Comisión
A00001,Catalina Ortiz,25,M,C1,Noche,6,5,7,7.483333333333333,71.43,6.7,Aprobado,6.7,Aprobado,C1
A00002,Mora Nuñez,24,F,B2,Tarde,5,2,7,4.82,28.57,5.1,Recupera,5.1,Recupera,B2
A00003,Mateo Benitez,25,F,B2,Tarde,5,4,7,6.12,57.14,9.0,Aprobado,9.0,Aprobado,B2
A00004,Camila Alvarez,23,F,C1,Noche,4,3,7,6.125,42.86,,Ausente,,Ausente,C1
A00005,Thiago Luna,31,M,B2,Tarde,7,6,7,8.028571428571428,85.71,8.5,Aprobado,8.5,Aprobado,B2
A00006,Tomas Ortiz,18,M,C4,Noche,4,4,7,6.275,57.14,,Ausente,,Ausente,C4
A00007,Pilar Gonzalez,28,F,B1,Tarde,0,0,7,,0.0,,Ausente,,Ausente,B1
A00008,Ignacio Silva,17,F,B1,Tarde,7,5,7,6.8,71.43,,Ausente,,Ausente,B1
A00009,Catalina Herrera,20,F,A3,Mañana,7,7,7,6.114285714285714,100.0,,Ausente,,Ausente,A3
A00010,Antonella Ruiz,22,M,C2,Noche,7,6,7,6.3,85.71,5.7,Recupera,5.7,Recupera,C2
A00011,Lucia Medina,23,M,C1,Noche,6,3,7,4.616666666666666,42.86,3.6,Desaprobado,3.6,Desaprobado,C1
A00012,Isabella Nuñez,20,M,B2,Tarde,7,6,7,7.2,85.71,6.0,Aprobado,6.0,Aprobado,B2
A00013,Bautista Perez,17,F,B2,Tarde,1,1,7,7.7,14.29,,Ausente,,Ausente,B2
A00014,Isabella Ruiz,25,F,A1,Mañana,0,0,7,,0.0,,Ausente,,Ausente,A1
A00015,Guadalupe Lopez,17,F,C1,Noche,7,7,7,8.457142857142857,100.0,8.6,Aprobado,8.6,Aprobado,C1
A00016,Benjamin Torres,19,M,C1,Noche,5,4,7,5.9799999999999995,57.14,4.8,Recupera,4.8,Recupera,C1
A00017,Ignacio Lopez,23,F,A1,Mañana,6,4,7,6.8,57.14,4.8,Recupera,4.8,Recupera,A1
A00018,Joaquin Luna,21,F,C1,Noche,4,3,7,5.4,42.86,,Ausente,,Ausente,C1
A00019,Mia Sosa,23,M,C3,Noche,6,4,7,4.916666666666667,57.14,,Ausente,,Ausente,C3
A00020,Ignacio Ortiz,21,F,A1,Mañana,7,7,7,8.0,100.0,10.0,Aprobado,10.0,Aprobado,A1
A00021,Renata Herrera,18,F,B1,Tarde,2,2,7,6.25,28.57,,Ausente,,Ausente,B1
A00022,Emma Garcia,27,M,B1,Tarde,5,5,7,6.58,71.43,6.9,Aprobado,6.9,Aprobado,B1
A00023,Thiago Garcia,17,F,A2,Mañana,1,1,7,6.4,14.29,,Ausente,,Ausente,A2
A00024,Ignacio Fernandez,17,X,B1,Tarde,5,4,7,6.580000000000001,57.14,7.7,Aprobado,7.7,Aprobado,B1
A00025,Santino Ruiz,20,F,B1,Tarde,6,4,7,5.883333333333333,57.14,6.6,Aprobado,6.6,Aprobado,B1
A00026,Emma Medina,26,M,B1,Tarde,4,4,7,6.45,57.14,,Ausente,,Ausente,B1
A00027,Joaquin Sosa,22,M,A3,Mañana,6,3,7,3.533333333333333,42.86,,Ausente,,Ausente,A3
A00028,Nicolas Torres,23,M,A2,Mañana,5,5,7,6.6,71.43,6.3,Aprobado,6.3,Aprobado,A2
A00029,Delfina Benitez,28,F,C4,Noche,6,4,7,5.233333333333333,57.14,,Ausente,,Ausente,C4
A00030,Victoria Romero,17,M,B2,Tarde,6,4,7,6.366666666666667,57.14,5.4,Recupera,5.4,Recupera,B2
A00031,Federico Ruiz,21,F,C1,Noche,6,4,7,6.083333333333333,57.14,,Ausente,,Ausente,C1
A00032,Federico Herrera,22,F,A2,Mañana,7,7,7,6.8999999999999995,100.0,8.1,Aprobado,8.1,Aprobado,A2
A00033,Florencia Medina,23,M,B1,Tarde,1,1,7,4.2,14.29,,Ausente,,Ausente,B1
A00034,Valentino Ortiz,26,M,C1,Noche,4,4,7,7.225,57.14,8.5,Aprobado,8.5,Aprobado,C1
A00035,Valentino Medina,20,F,B1,Tarde,3,2,7,5.233333333333333,28.57,6.6,Aprobado,6.6,Aprobado,B1
A00036,Nicolas Vega,17,M,C2,Noche,7,7,7,7.928571428571429,100.0,9.5,Aprobado,9.5,Aprobado,C2
A00037,Federico Molina,17,M,B2,Tarde,5,3,7,5.54,42.86,,Ausente,,Ausente,B2
A00038,Federico Ramirez,17,M,A1,Mañana,4,3,7,4.8,42.86,,Ausente,,Ausente,A1
A00039,Emma Perez,23,M,C3,Noche,7,6,7,7.585714285714286,85.71,7.7,Aprobado,7.7,Aprobado,C3
A00040,Martina Sosa,25,F,C3,Noche,5,4,7,7.4,57.14,7.6,Aprobado,7.6,Aprobado,C3
A00041,Thiago Ortiz,20,M,C2,Noche,7,6,7,6.171428571428572,85.71,4.4,Recupera,4.4,Recupera,C2
A00042,Emma Garcia,28,F,A3,Mañana,6,6,7,7.283333333333334,85.71,,Ausente,,Ausente,A3
A00043,Maximo Martinez,20,M,A1,Mañana,6,5,7,3.2999999999999994,71.43,,Ausente,,Ausente,A1
A00044,Gabriel Rojas,20,M,B2,Tarde,1,1,7,4.7,14.29,,Ausente,,Ausente,B2
A00045,Olivia Romero,18,X,A1,Mañana,6,5,7,6.466666666666666,71.43,7.7,Aprobado,7.7,Aprobado,A1
A00046,Ignacio Molina,19,F,A3,Mañana,3,2,7,4.966666666666666,28.57,,Ausente,,Ausente,A3
A00047,Maximo Ramirez,28,F,C4,Noche,6,5,7,5.5,71.43,4.1,Recupera,4.1,Recupera,C4
A00048,Martina Medina,17,F,A2,Mañana,5,4,7,6.9,57.14,,Ausente,,Ausente,A2
A00049,Gabriel Diaz,24,F,C4,Noche,1,1,7,8.9,14.29,,Ausente,,Ausente,C4
A00050,Lucas Ramirez,17,M,B2,Tarde,7,7,7,8.742857142857144,100.0,7.9,Aprobado,7.9,Aprobado,B2
A00051,Diego Castro,19,M,A1,Mañana,6,6,7,6.633333333333333,85.71,6.4,Aprobado,6.4,Aprobado,A1
A00052,Valentino Sanchez,22,M,C2,Noche,7,7,7,6.814285714285715,100.0,6.3,Aprobado,6.3,Aprobado,C2
A00053,Renata Medina,17,F,C4,Noche,0,0,7,,0.0,,Ausente,,Ausente,C4
A00054,Gabriel Diaz,20,M,B1,Tarde,7,6,7,8.428571428571429,85.71,10.0,Aprobado,10.0,Aprobado,B1
A00055,Delfina Ortiz,18,F,A2,Mañana,6,3,7,4.433333333333334,42.86,,Ausente,,Ausente,A2
A00056,Victoria Rodriguez,18,M,B1,Tarde,7,5,7,6.885714285714286,71.43,,Ausente,,Ausente,B1
A00057,Martina Diaz,22,M,A1,Mañana,7,7,7,8.657142857142857,100.0,9.4,Aprobado,9.4,Aprobado,A1
A00058,Delfina Ramirez,19,F,B2,Tarde,4,3,7,5.4,42.86,,Ausente,,Ausente,B2
A00059,Delfina Perez,18,F,B2,Tarde,0,0,7,,0.0,,Ausente,,Ausente,B2
A00060,Diego Luna,35,F,C3,Noche,5,4,7,5.86,57.14,3.9,Desaprobado,3.9,Desaprobado,C3
A00061,Mateo Nuñez,24,M,A2,Mañana,5,5,7,6.56,71.43,7.1,Aprobado,7.1,Aprobado,A2
A00062,Valentino Ortiz,30,M,A1,Mañana,6,6,7,6.733333333333333,85.71,,Ausente,,Ausente,A1
A00063,Florencia Romero,24,F,C3,Noche,7,6,7,7.142857142857143,85.71,8.7,Aprobado,8.7,Aprobado,C3
A00064,Benjamin Aguirre,21,M,A1,Mañana,3,0,7,5.733333333333333,0.0,,Ausente,,Ausente,A1
A00065,Federico Medina,20,M,A2,Mañana,7,7,7,7.985714285714286,100.0,5.6,Recupera,5.6,Recupera,A2
A00066,Bruno Torres,29,F,B1,Tarde,5,4,7,4.98,57.14,,Ausente,,Ausente,B1
A00067,Olivia Luna,18,F,A2,Mañana,5,3,7,5.680000000000001,42.86,,Ausente,,Ausente,A2
A00068,Martina Garcia,19,F,A1,Mañana,6,5,7,6.416666666666667,71.43,8.3,Aprobado,8.3,Aprobado,A1
A00069,Bautista Acosta,27,M,C3,Noche,5,2,7,4.18,28.57,,Ausente,,Ausente,C3
A00070,Agustin Lopez,24,M,C3,Noche,4,1,7,5.475,14.29,,Ausente,,Ausente,C3
A00071,Guadalupe Ruiz,17,F,B2,Tarde,7,7,7,7.785714285714286,100.0,9.6,Aprobado,9.6,Aprobado,B2
A00072,Bautista Nuñez,25,M,C3,Noche,0,0,7,,0.0,,Ausente,,Ausente,C3
A00073,Diego Alvarez,19,F,B1,Tarde,1,1,7,7.0,14.29,,Ausente,,Ausente,B1
A00074,Paula Garcia,21,M,A1,Mañana,6,5,7,5.866666666666667,71.43,,Ausente,,Ausente,A1
A00075,Mia Gonzalez,23,F,B1,Tarde,7,7,7,8.842857142857143,100.0,10.0,Aprobado,10.0,Aprobado,B1
A00076,Maximo Flores,17,M,C1,Noche,6,5,7,6.716666666666666,71.43,,Ausente,,Ausente,C1
A00077,Diego Garcia,21,X,B2,Tarde,7,5,7,5.614285714285714,71.43,6.8,Aprobado,6.8,Aprobado,B2
A00078,Florencia Ruiz,18,M,A2,Mañana,6,6,7,6.916666666666667,85.71,7.1,Aprobado,7.1,Aprobado,A2
A00079,Paula Luna,30,F,A1,Mañana,7,7,7,8.77142857142857,100.0,7.8,Aprobado,7.8,Aprobado,A1
A00080,Lautaro Herrera,26,M,C2,Noche,0,0,7,,0.0,,Ausente,,Ausente,C2
A00081,Victoria Silva,23,F,C3,Noche,7,7,7,8.657142857142857,100.0,8.8,Aprobado,8.8,Aprobado,C3
A00082,Delfina Rodriguez,23,M,A3,Mañana,5,3,7,4.74,42.86,4.7,Recupera,4.7,Recupera,A3
A00083,Santino Rojas,21,F,A2,Mañana,5,4,7,7.279999999999999,57.14,8.4,Aprobado,8.4,Aprobado,A2
A00084,Felipe Ruiz,20,F,C3,Noche,1,1,7,6.2,14.29,,Ausente,,Ausente,C3
A00085,Lucia Medina,27,F,C4,Noche,1,0,7,6.5,0.0,,Ausente,,Ausente,C4
A00086,Antonella Suarez,25,F,B1,Tarde,1,0,7,6.7,0.0,,Ausente,,Ausente,B1
A00087,Bautista Silva,19,M,C3,Noche,6,4,7,6.916666666666667,57.14,5.7,Recupera,5.7,Recupera,C3
A00088,Gabriel Molina,20,F,C4,Noche,2,0,7,4.4,0.0,,Ausente,,Ausente,C4
A00089,Maximo Silva,21,M,A1,Mañana,7,5,7,6.228571428571429,71.43,7.1,Aprobado,7.1,Aprobado,A1
A00090,Joaquin Ramirez,29,M,A2,Mañana,4,4,7,6.475,57.14,7.2,Aprobado,7.2,Aprobado,A2
A00091,Martina Aguirre,17,M,A1,Mañana,6,6,7,6.3,85.71,8.7,Aprobado,8.7,Aprobado,A1
A00092,Mia Vega,23,F,B1,Tarde,6,4,7,4.216666666666667,57.14,,Ausente,,Ausente,B1
A00093,Martina Medina,20,F,C3,Noche,6,6,7,5.983333333333333,85.71,7.5,Aprobado,7.5,Aprobado,C3
A00094,Nicolas Rodriguez,20,M,A2,Mañana,7,5,7,8.414285714285715,71.43,7.8,Aprobado,7.8,Aprobado,A2
A00095,Bruno Diaz,29,F,B2,Tarde,7,6,7,6.557142857142857,85.71,7.8,Aprobado,7.8,Aprobado,B2
A00096,Renata Torres,25,M,C2,Noche,0,0,7,,0.0,,Ausente,,Ausente,C2
A00097,Maximo Diaz,27,M,C3,Noche,7,6,7,7.2,85.71,7.2,Aprobado,7.2,Aprobado,C3
A00098,Maximo Castro,25,F,A3,Mañana,6,4,7,4.933333333333334,57.14,,Ausente,,Ausente,A3
A00099,Florencia Acosta,24,M,A3,Mañana,5,3,7,4.9799999999999995,42.86,6.3,Aprobado,6.3,Aprobado,A3
A00100,Camila Ramirez,24,F,B2,Tarde,7,6,7,7.6571428571428575,85.71,8.9,Aprobado,8.9,Aprobado,B2
A00101,Ignacio Perez,17,F,B1,Tarde,7,6,7,6.314285714285715,85.71,,Ausente,,Ausente,B1
A00102,Benjamin Benitez,25,F,C2,Noche,5,5,7,6.3,71.43,,Ausente,,Ausente,C2
A00103,Manuel Ramirez,20,M,A1,Mañana,6,5,7,8.516666666666667,71.43,7.1,Aprobado,7.1,Aprobado,A1
A00104,Delfina Alvarez,17,M,C2,Noche,6,5,7,6.933333333333334,71.43,5.9,Recupera,5.9,Recupera,C2
A00105,Agustin Alvarez,20,F,A2,Mañana,6,5,7,7.266666666666667,71.43,6.6,Aprobado,6.6,Aprobado,A2
A00106,Paula Diaz,28,M,A1,Mañana,7,6,7,8.7,85.71,9.2,Aprobado,9.2,Aprobado,A1
A00107,Federico Suarez,27,F,C4,Noche,6,5,7,6.333333333333333,71.43,7.3,Aprobado,7.3,Aprobado,C4
A00108,Bruno Lopez,23,F,A2,Mañana,7,4,7,7.128571428571428,57.14,,Ausente,,Ausente,A2
A00109,Joaquin Aguirre,33,M,B2,Tarde,6,6,7,6.583333333333333,85.71,6.1,Aprobado,6.1,Aprobado,B2
A00110,Diego Sosa,23,M,B2,Tarde,7,7,7,7.214285714285714,100.0,,Ausente,,Ausente,B2
A00111,Maximo Romero,17,F,A1,Mañana,7,7,7,8.9,100.0,8.6,Aprobado,8.6,Aprobado,A1
A00112,Lucia Acosta,32,F,B2,Tarde,7,4,7,6.8999999999999995,57.14,7.8,Aprobado,7.8,Aprobado,B2
A00113,Manuel Flores,21,M,B2,Tarde,7,6,7,7.928571428571429,85.71,,Ausente,,Ausente,B2
A00114,Sofia Flores,20,X,B1,Tarde,6,5,7,6.8500000000000005,71.43,8.6,Aprobado,8.6,Aprobado,B1
A00115,Olivia Acosta,17,M,C1,Noche,7,6,7,7.042857142857143,85.71,5.8,Recupera,5.8,Recupera,C1
A00116,Bruno Rojas,17,X,B1,Tarde,7,7,7,7.142857142857143,100.0,7.0,Aprobado,7.0,Aprobado,B1
A00117,Julieta Fernandez,20,F,B2,Tarde,5,5,7,6.840000000000001,71.43,7.0,Aprobado,7.0,Aprobado,B2
A00118,Federico Aguirre,25,M,C2,Noche,6,4,7,7.216666666666666,57.14,6.8,Aprobado,6.8,Aprobado,C2
A00119,Tomas Vega,21,F,B2,Tarde,3,3,7,6.766666666666667,42.86,,Ausente,,Ausente,B2
A00120,Mateo Ruiz,25,F,B2,Tarde,7,7,7,8.6,100.0,9.2,Aprobado,9.2,Aprobado,B2
A00121,Lucia Ramirez,24,F,A3,Mañana,5,4,7,7.06,57.14,7.1,Aprobado,7.1,Aprobado,A3
A00122,Santino Rojas,23,F,C3,Noche,7,6,7,7.0857142857142845,85.71,,Ausente,,Ausente,C3
A00123,Maximo Vega,25,M,B2,Tarde,3,3,7,5.1000000000000005,42.86,3.4,Desaprobado,3.4,Desaprobado,B2
A00124,Felipe Rojas,24,M,B2,Tarde,6,3,7,5.416666666666667,42.86,8.0,Aprobado,8.0,Aprobado,B2
A00125,Diego Acosta,17,F,C1,Noche,5,5,7,5.64,71.43,7.8,Aprobado,7.8,Aprobado,C1
A00126,Victoria Herrera,21,F,C4,Noche,5,2,7,4.42,28.57,,Ausente,,Ausente,C4
A00127,Mora Rodriguez,21,M,A1,Mañana,0,0,7,,0.0,,Ausente,,Ausente,A1
A00128,Nicolas Cabrera,25,M,C2,Noche,3,1,7,6.466666666666666,14.29,,Ausente,,Ausente,C2
A00129,Martina Ramirez,25,F,A1,Mañana,5,4,7,6.76,57.14,5.7,Recupera,5.7,Recupera,A1
A00130,Benjamin Rojas,31,M,C1,Noche,6,4,7,6.3,57.14,,Ausente,,Ausente,C1
A00131,Felipe Luna,28,F,C3,Noche,2,0,7,4.2,0.0,,Ausente,,Ausente,C3
A00132,Pilar Flores,21,F,B2,Tarde,6,5,7,7.533333333333334,71.43,,Ausente,,Ausente,B2
A00133,Thiago Cabrera,24,M,C4,Noche,5,5,7,6.42,71.43,6.9,Aprobado,6.9,Aprobado,C4
A00134,Santino Romero,24,F,A1,Mañana,0,0,7,,0.0,,Ausente,,Ausente,A1
A00135,Lucas Aguirre,19,F,B1,Tarde,7,5,7,6.542857142857143,71.43,6.1,Aprobado,6.1,Aprobado,B1
A00136,Lautaro Ramirez,24,F,B1,Tarde,6,5,7,5.3,71.43,,Ausente,,Ausente,B1
A00137,Gabriel Lopez,17,F,A2,Mañana,5,4,7,4.9,57.14,,Ausente,,Ausente,A2
A00138,Joaquin Ortiz,29,F,C1,Noche,1,0,7,6.8,0.0,,Ausente,,Ausente,C1
A00139,Thiago Castro,28,M,A3,Mañana,6,6,7,6.616666666666667,85.71,,Ausente,,Ausente,A3
A00140,Felipe Acosta,18,M,A1,Mañana,4,3,7,7.875,42.86,8.5,Aprobado,8.5,Aprobado,A1
A00141,Camila Ramirez,22,M,C1,Noche,7,7,7,9.085714285714285,100.0,10.0,Aprobado,10.0,Aprobado,C1
A00142,Pilar Medina,19,M,A1,Mañana,3,2,7,4.433333333333333,28.57,,Ausente,,Ausente,A1
A00143,Manuel Martinez,20,F,C2,Noche,6,3,7,6.716666666666666,42.86,4.6,Recupera,4.6,Recupera,C2
A00144,Tomas Acosta,23,M,A1,Mañana,4,3,7,6.05,42.86,,Ausente,,Ausente,A1
A00145,Maximo Sanchez,24,F,C4,Noche,5,5,7,7.06,71.43,6.0,Aprobado,6.0,Aprobado,C4
A00146,Camila Gonzalez,17,F,B2,Tarde,7,7,7,8.4,100.0,10.0,Aprobado,10.0,Aprobado,B2
A00147,Valentina Benitez,31,F,B1,Tarde,7,5,7,7.228571428571429,71.43,7.8,Aprobado,7.8,Aprobado,B1
A00148,Julieta Romero,27,F,B2,Tarde,7,6,7,7.757142857142857,85.71,,Ausente,,Ausente,B2
A00149,Tomas Garcia,30,F,B2,Tarde,6,6,7,7.583333333333333,85.71,6.3,Aprobado,6.3,Aprobado,B2
A00150,Florencia Sosa,17,F,A2,Mañana,6,5,7,6.3999999999999995,71.43,,Ausente,,Ausente,A2
A00151,Guadalupe Vega,17,F,B1,Tarde,7,5,7,5.628571428571428,71.43,5.5,Recupera,5.5,Recupera,B1
A00152,Maximo Flores,25,M,C4,Noche,7,5,7,7.871428571428572,71.43,,Ausente,,Ausente,C4
A00153,Isabella Martinez,22,F,C4,Noche,7,4,7,4.785714285714286,57.14,3.8,Desaprobado,3.8,Desaprobado,C4
A00154,Maximo Torres,19,M,A2,Mañana,6,6,7,8.299999999999999,85.71,8.2,Aprobado,8.2,Aprobado,A2
A00155,Renata Ramirez,23,F,A2,Mañana,7,5,7,7.185714285714285,71.43,5.4,Recupera,5.4,Recupera,A2
A00156,Isabella Martinez,22,M,B1,Tarde,7,6,7,7.228571428571429,85.71,6.7,Aprobado,6.7,Aprobado,B1
A00157,Pilar Garcia,23,F,A3,Mañana,6,3,7,7.583333333333333,42.86,6.4,Aprobado,6.4,Aprobado,A3
A00158,Nicolas Torres,26,M,C2,Noche,7,6,7,7.214285714285714,85.71,8.4,Aprobado,8.4,Aprobado,C2
A00159,Catalina Alvarez,17,F,A3,Mañana,7,7,7,7.314285714285715,100.0,6.2,Aprobado,6.2,Aprobado,A3
A00160,Maximo Rodriguez,17,M,A2,Mañana,7,7,7,6.785714285714286,100.0,5.8,Recupera,5.8,Recupera,A2
A00161,Manuel Nuñez,21,F,C3,Noche,5,3,7,6.5,42.86,7.4,Aprobado,7.4,Aprobado,C3
A00162,Mateo Benitez,17,F,C2,Noche,5,4,7,5.18,57.14,,Ausente,,Ausente,C2
A00163,Isabella Nuñez,22,M,C4,Noche,2,1,7,3.9000000000000004,14.29,,Ausente,,Ausente,C4
A00164,Felipe Medina,25,F,C1,Noche,0,0,7,,0.0,,Ausente,,Ausente,C1
A00165,Isabella Castro,18,F,B2,Tarde,5,3,7,7.18,42.86,7.5,Aprobado,7.5,Aprobado,B2
A00166,Camila Vega,18,M,C1,Noche,0,0,7,,0.0,,Ausente,,Ausente,C1
A00167,Olivia Romero,28,M,A3,Mañana,6,6,7,7.633333333333333,85.71,6.8,Aprobado,6.8,Aprobado,A3
A00168,Lucas Perez,17,M,B1,Tarde,6,6,7,7.266666666666667,85.71,7.9,Aprobado,7.9,Aprobado,B1
A00169,Florencia Ortiz,24,F,C1,Noche,4,1,7,4.75,14.29,6.0,Aprobado,6.0,Aprobado,C1
A00170,Valentino Sanchez,24,F,B2,Tarde,7,7,7,8.571428571428571,100.0,6.5,Aprobado,6.5,Aprobado,B2
A00171,Manuel Rojas,18,F,C2,Noche,0,0,7,,0.0,,Ausente,,Ausente,C2
A00172,Agustin Sanchez,23,M,C3,Noche,6,5,7,7.316666666666666,71.43,7.4,Aprobado,7.4,Aprobado,C3
A00173,Florencia Suarez,17,F,B2,Tarde,7,5,7,6.685714285714285,71.43,7.5,Aprobado,7.5,Aprobado,B2
A00174,Federico Silva,18,M,C1,Noche,6,5,7,5.466666666666666,71.43,8.5,Aprobado,8.5,Aprobado,C1
A00175,Gabriel Castro,33,F,A2,Mañana,5,2,7,5.0200000000000005,28.57,,Ausente,,Ausente,A2
A00176,Benjamin Castro,17,F,A1,Mañana,7,7,7,8.6,100.0,8.9,Aprobado,8.9,Aprobado,A1
A00177,Tomas Martinez,22,F,C3,Noche,6,5,7,6.866666666666667,71.43,7.4,Aprobado,7.4,Aprobado,C3
A00178,Ignacio Suarez,18,M,B1,Tarde,7,6,7,7.728571428571429,85.71,9.0,Aprobado,9.0,Aprobado,B1
A00179,Lucas Rodriguez,20,M,A3,Mañana,4,3,7,6.15,42.86,8.4,Aprobado,8.4,Aprobado,A3
A00180,Lautaro Martinez,19,F,B1,Tarde,6,4,7,7.016666666666667,57.14,8.1,Aprobado,8.1,Aprobado,B1
A00181,Manuel Ortiz,22,F,B1,Tarde,2,1,7,7.6499999999999995,14.29,,Ausente,,Ausente,B1
A00182,Lucia Silva,19,F,A1,Mañana,7,6,7,8.242857142857144,85.71,7.7,Aprobado,7.7,Aprobado,A1
A00183,Thiago Ruiz,22,M,A3,Mañana,2,1,7,4.449999999999999,14.29,,Ausente,,Ausente,A3
A00184,Florencia Diaz,20,F,A3,Mañana,5,5,7,7.140000000000001,71.43,,Ausente,,Ausente,A3
A00185,Renata Romero,26,M,B1,Tarde,7,7,7,8.514285714285714,100.0,6.9,Aprobado,6.9,Aprobado,B1
A00186,Florencia Benitez,28,F,A1,Mañana,4,3,7,4.875,42.86,,Ausente,,Ausente,A1
A00187,Valentina Medina,29,F,A1,Mañana,3,0,7,4.333333333333333,0.0,,Ausente,,Ausente,A1
A00188,Pilar Flores,29,F,C4,Noche,4,1,7,7.05,14.29,,Ausente,,Ausente,C4
A00189,Felipe Ruiz,23,M,B1,Tarde,4,1,7,5.55,14.29,,Ausente,,Ausente,B1
A00190,Bruno Benitez,18,F,B2,Tarde,0,0,7,,0.0,,Ausente,,Ausente,B2
A00191,Antonella Silva,24,M,A3,Mañana,6,5,7,6.766666666666667,71.43,5.1,Recupera,5.1,Recupera,A3
A00192,Emma Sanchez,17,F,C1,Noche,2,2,7,5.5,28.57,,Ausente,,Ausente,C1
A00193,Victoria Sosa,17,F,A1,Mañana,3,2,7,6.933333333333334,28.57,,Ausente,,Ausente,A1
A00194,Agustin Garcia,22,M,A3,Mañana,4,4,7,8.15,57.14,6.3,Aprobado,6.3,Aprobado,A3
A00195,Joaquin Nuñez,23,F,C3,Noche,5,3,7,6.619999999999999,42.86,7.2,Aprobado,7.2,Aprobado,C3
A00196,Manuel Martinez,25,F,A3,Mañana,5,5,7,6.0200000000000005,71.43,5.0,Recupera,5.0,Recupera,A3
A00197,Valentina Ramirez,23,M,A1,Mañana,7,7,7,6.942857142857143,100.0,5.3,Recupera,5.3,Recupera,A1
A00198,Nicolas Benitez,17,F,C2,Noche,7,7,7,6.642857142857143,100.0,5.9,Recupera,5.9,Recupera,C2
A00199,Nicolas Ortiz,18,F,B2,Tarde,6,2,7,4.933333333333334,28.57,2.2,Desaprobado,2.2,Desaprobado,B2
A00200,Federico Molina,17,F,C4,Noche,7,7,7,8.657142857142857,100.0,7.8,Aprobado,7.8,Aprobado,C4
A00201,Olivia Suarez,21,M,B2,Tarde,7,6,7,6.585714285714286,85.71,8.4,Aprobado,8.4,Aprobado,B2
A00202,Delfina Sanchez,29,F,C1,Noche,0,0,7,,0.0,,Ausente,,Ausente,C1
A00203,Gabriel Molina,20,F,B2,Tarde,3,2,7,4.233333333333333,28.57,,Ausente,,Ausente,B2
A00204,Maximo Vega,17,F,A1,Mañana,7,6,7,7.3,85.71,,Ausente,,Ausente,A1
A00205,Benjamin Torres,19,F,C4,Noche,4,1,7,4.775,14.29,5.8,Recupera,5.8,Recupera,C4
A00206,Bautista Medina,17,M,B2,Tarde,5,4,7,5.74,57.14,,Ausente,,Ausente,B2
A00207,Florencia Torres,31,F,C4,Noche,1,1,7,2.9,14.29,,Ausente,,Ausente,C4
A00208,Thiago Sosa,23,M,B2,Tarde,2,0,7,3.2,0.0,,Ausente,,Ausente,B2
A00209,Sofia Nuñez,25,F,A3,Mañana,5,5,7,7.4799999999999995,71.43,7.1,Aprobado,7.1,Aprobado,A3
A00210,Camila Acosta,30,M,A2,Mañana,5,3,7,6.0600000000000005,42.86,,Ausente,,Ausente,A2
A00211,Valentina Garcia,21,F,A1,Mañana,5,3,7,4.76,42.86,,Ausente,,Ausente,A1
A00212,Diego Sanchez,27,F,C3,Noche,6,6,7,8.183333333333334,85.71,7.7,Aprobado,7.7,Aprobado,C3
A00213,Bautista Acosta,35,M,C3,Noche,7,6,7,6.214285714285714,85.71,6.3,Aprobado,6.3,Aprobado,C3
A00214,Mia Silva,27,M,C4,Noche,5,5,7,7.159999999999999,71.43,4.9,Recupera,4.9,Recupera,C4
A00215,Mateo Castro,17,F,C2,Noche,7,7,7,6.785714285714286,100.0,7.6,Aprobado,7.6,Aprobado,C2
A00216,Bautista Lopez,23,F,A3,Mañana,7,6,7,6.642857142857143,85.71,7.3,Aprobado,7.3,Aprobado,A3
A00217,Mora Ramirez,27,M,C1,Noche,6,5,7,5.516666666666667,71.43,5.9,Recupera,5.9,Recupera,C1
A00218,Manuel Lopez,27,F,B2,Tarde,7,6,7,6.085714285714286,85.71,5.0,Recupera,5.0,Recupera,B2
A00219,Joaquin Nuñez,20,M,C4,Noche,5,3,7,5.279999999999999,42.86,,Ausente,,Ausente,C4
A00220,Antonella Garcia,22,F,C3,Noche,5,4,7,7.1,57.14,,Ausente,,Ausente,C3
A00221,Antonella Acosta,32,F,B2,Tarde,7,6,7,8.557142857142857,85.71,9.8,Aprobado,9.8,Aprobado,B2
A00222,Lautaro Fernandez,18,F,C3,Noche,6,5,7,5.183333333333334,71.43,6.3,Aprobado,6.3,Aprobado,C3
A00223,Gabriel Torres,19,M,A3,Mañana,7,6,7,6.585714285714286,85.71,5.4,Recupera,5.4,Recupera,A3
A00224,Paula Sosa,23,M,A2,Mañana,5,5,7,4.96,71.43,,Ausente,,Ausente,A2
A00225,Valentino Sanchez,20,M,C1,Noche,5,3,7,5.0600000000000005,42.86,,Ausente,,Ausente,C1
A00226,Delfina Romero,19,F,A2,Mañana,1,1,7,5.8,14.29,,Ausente,,Ausente,A2
A00227,Joaquin Alvarez,25,M,C1,Noche,5,5,7,4.88,71.43,4.9,Recupera,4.9,Recupera,C1
A00228,Joaquin Lopez,25,M,A1,Mañana,4,3,7,4.4,42.86,,Ausente,,Ausente,A1
A00229,Tomas Aguirre,26,F,A2,Mañana,4,4,7,7.425,57.14,,Ausente,,Ausente,A2
A00230,Paula Ruiz,17,M,C4,Noche,6,4,7,6.516666666666667,57.14,7.8,Aprobado,7.8,Aprobado,C4
A00231,Valentino Cabrera,18,M,B2,Tarde,7,7,7,6.314285714285715,100.0,,Ausente,,Ausente,B2
A00232,Catalina Ortiz,18,M,C1,Noche,5,4,7,6.24,57.14,,Ausente,,Ausente,C1
A00233,Lucia Luna,19,F,C4,Noche,5,4,7,6.959999999999999,57.14,6.1,Aprobado,6.1,Aprobado,C4
A00234,Antonella Castro,22,M,C4,Noche,6,5,7,7.583333333333333,71.43,7.6,Aprobado,7.6,Aprobado,C4
A00235,Lucia Silva,17,M,C1,Noche,2,2,7,6.85,28.57,,Ausente,,Ausente,C1
A00236,Valentino Silva,17,F,C2,Noche,3,0,7,5.133333333333334,0.0,,Ausente,,Ausente,C2
A00237,Isabella Torres,21,M,A1,Mañana,6,5,7,7.25,71.43,7.6,Aprobado,7.6,Aprobado,A1
A00238,Olivia Castro,17,F,C2,Noche,1,0,7,6.1,0.0,,Ausente,,Ausente,C2
A00239,Gabriel Sosa,25,F,A1,Mañana,5,4,7,5.18,57.14,6.2,Aprobado,6.2,Aprobado,A1
A00240,Felipe Silva,23,F,C2,Noche,7,7,7,8.357142857142858,100.0,7.1,Aprobado,7.1,Aprobado,C2
A00241,Nicolas Ruiz,17,M,C1,Noche,7,6,7,7.185714285714285,85.71,6.0,Aprobado,6.0,Aprobado,C1
A00242,Mora Ortiz,17,F,B2,Tarde,6,6,7,6.733333333333333,85.71,7.9,Aprobado,7.9,Aprobado,B2
A00243,Ignacio Martinez,17,M,C2,Noche,5,5,7,6.840000000000001,71.43,4.9,Recupera,4.9,Recupera,C2
A00244,Agustin Sanchez,17,M,A2,Mañana,7,6,7,6.857142857142857,85.71,6.8,Aprobado,6.8,Aprobado,A2
A00245,Paula Flores,27,M,A1,Mañana,3,2,7,5.866666666666667,28.57,,Ausente,,Ausente,A1
A00246,Nicolas Benitez,18,F,C3,Noche,3,1,7,5.3999999999999995,14.29,,Ausente,,Ausente,C3
A00247,Joaquin Benitez,25,M,A1,Mañana,6,6,7,6.416666666666667,85.71,8.0,Aprobado,8.0,Aprobado,A1
A00248,Benjamin Garcia,18,F,A1,Mañana,4,3,7,6.85,42.86,8.8,Aprobado,8.8,Aprobado,A1
A00249,Agustin Torres,21,F,C1,Noche,6,6,7,6.883333333333333,85.71,9.0,Aprobado,9.0,Aprobado,C1
A00250,Maximo Torres,20,M,A3,Mañana,4,2,7,4.575,28.57,5.0,Recupera,5.0,Recupera,A3
A00251,Camila Benitez,19,F,C4,Noche,7,6,7,7.871428571428572,85.71,8.2,Aprobado,8.2,Aprobado,C4
A00252,Emma Rojas,29,M,C1,Noche,5,5,7,6.7,71.43,7.8,Aprobado,7.8,Aprobado,C1
A00253,Santino Flores,24,M,A1,Mañana,7,6,7,6.585714285714286,85.71,,Ausente,,Ausente,A1
A00254,Agustin Martinez,27,M,A1,Mañana,5,4,7,7.32,57.14,7.5,Aprobado,7.5,Aprobado,A1
A00255,Bruno Flores,21,M,B1,Tarde,3,2,7,4.7,28.57,,Ausente,,Ausente,B1
A00256,Mora Aguirre,17,M,B2,Tarde,6,5,7,6.75,71.43,8.0,Aprobado,8.0,Aprobado,B2
A00257,Lautaro Torres,23,M,A3,Mañana,5,4,7,6.959999999999999,57.14,5.6,Recupera,5.6,Recupera,A3
A00258,Bruno Sanchez,24,M,A1,Mañana,0,0,7,,0.0,,Ausente,,Ausente,A1
A00259,Agustin Castro,18,M,C3,Noche,6,6,7,6.866666666666667,85.71,9.3,Aprobado,9.3,Aprobado,C3
A00260,Bruno Flores,25,F,A2,Mañana,2,1,7,5.05,14.29,,Ausente,,Ausente,A2
A00261,Thiago Nuñez,18,M,B1,Tarde,7,7,7,7.957142857142857,100.0,9.5,Aprobado,9.5,Aprobado,B1
A00262,Joaquin Aguirre,23,M,C1,Noche,1,0,7,5.3,0.0,,Ausente,,Ausente,C1
A00263,Joaquin Luna,21,M,A3,Mañana,7,7,7,8.028571428571428,100.0,8.6,Aprobado,8.6,Aprobado,A3
A00264,Antonella Molina,17,F,B1,Tarde,1,1,7,5.8,14.29,,Ausente,,Ausente,B1
A00265,Pilar Ruiz,23,F,C4,Noche,7,6,7,7.257142857142857,85.71,7.0,Aprobado,7.0,Aprobado,C4
A00266,Ignacio Silva,17,F,C4,Noche,4,1,7,4.35,14.29,3.9,Desaprobado,3.9,Desaprobado,C4
A00267,Agustin Alvarez,27,M,B2,Tarde,4,3,7,4.85,42.86,,Ausente,,Ausente,B2
A00268,Ignacio Medina,21,F,C1,Noche,1,0,7,6.3,0.0,,Ausente,,Ausente,C1
A00269,Paula Martinez,25,F,A2,Mañana,6,4,7,4.8999999999999995,57.14,,Ausente,,Ausente,A2
A00270,Felipe Rodriguez,23,F,B1,Tarde,5,4,7,3.88,57.14,4.9,Recupera,4.9,Recupera,B1
A00271,Paula Molina,30,M,A3,Mañana,6,5,7,6.266666666666667,71.43,6.6,Aprobado,6.6,Aprobado,A3
A00272,Valentina Sosa,21,M,B2,Tarde,5,5,7,8.120000000000001,71.43,8.6,Aprobado,8.6,Aprobado,B2
A00273,Bautista Gonzalez,17,M,C3,Noche,7,5,7,7.3428571428571425,71.43,8.0,Aprobado,8.0,Aprobado,C3
A00274,Delfina Cabrera,18,M,A2,Mañana,6,4,7,6.316666666666666,57.14,,Ausente,,Ausente,A2
A00275,Lucas Sanchez,20,F,B1,Tarde,7,6,7,5.885714285714286,85.71,,Ausente,,Ausente,B1
A00276,Santino Ortiz,25,F,A3,Mañana,5,4,7,5.9,57.14,,Ausente,,Ausente,A3
A00277,Federico Cabrera,25,M,C3,Noche,2,2,7,4.800000000000001,28.57,,Ausente,,Ausente,C3
A00278,Mateo Alvarez,22,M,A3,Mañana,7,7,7,6.057142857142858,100.0,6.8,Aprobado,6.8,Aprobado,A3
A00279,Ignacio Romero,17,F,B2,Tarde,3,1,7,3.966666666666667,14.29,,Ausente,,Ausente,B2
A00280,Julieta Benitez,29,F,C2,Noche,4,2,7,5.625,28.57,5.4,Recupera,5.4,Recupera,C2
A00281,Victoria Romero,17,F,C2,Noche,7,3,7,6.714285714285714,42.86,,Ausente,,Ausente,C2
A00282,Martina Fernandez,23,M,C2,Noche,7,7,7,6.4,100.0,5.9,Recupera,5.9,Recupera,C2
A00283,Felipe Suarez,23,F,B2,Tarde,5,2,7,4.66,28.57,5.9,Recupera,5.9,Recupera,B2
A00284,Florencia Herrera,20,F,C4,Noche,5,5,7,4.86,71.43,,Ausente,,Ausente,C4
A00285,Olivia Torres,22,F,C1,Noche,5,5,7,7.5200000000000005,71.43,6.6,Aprobado,6.6,Aprobado,C1
A00286,Felipe Suarez,19,M,A3,Mañana,6,4,7,6.966666666666666,57.14,,Ausente,,Ausente,A3
A00287,Federico Medina,20,F,C4,Noche,6,6,7,7.283333333333334,85.71,6.9,Aprobado,6.9,Aprobado,C4
A00288,Lucas Acosta,26,F,B1,Tarde,7,6,7,6.7,85.71,7.7,Aprobado,7.7,Aprobado,B1
A00289,Lucas Alvarez,23,M,A1,Mañana,2,1,7,4.4,14.29,,Ausente,,Ausente,A1
A00290,Julieta Suarez,18,M,A1,Mañana,7,7,7,8.242857142857144,100.0,8.3,Aprobado,8.3,Aprobado,A1
A00291,Sofia Garcia,25,F,C4,Noche,4,2,7,4.725,28.57,,Ausente,,Ausente,C4
A00292,Mateo Gonzalez,26,F,B1,Tarde,3,3,7,5.3999999999999995,42.86,6.8,Aprobado,6.8,Aprobado,B1
A00293,Nicolas Sanchez,17,F,B1,Tarde,7,5,7,6.828571428571428,71.43,5.6,Recupera,5.6,Recupera,B1
A00294,Ignacio Suarez,23,F,C2,Noche,3,2,7,4.433333333333334,28.57,,Ausente,,Ausente,C2
A00295,Lucas Medina,20,F,B1,Tarde,4,3,7,5.4,42.86,,Ausente,,Ausente,B1
A00296,Bautista Flores,17,F,B2,Tarde,5,3,7,6.6,42.86,5.7,Recupera,5.7,Recupera,B2
A00297,Felipe Castro,27,F,B2,Tarde,6,5,7,6.5,71.43,,Ausente,,Ausente,B2
A00298,Lautaro Ortiz,18,F,B1,Tarde,7,5,7,5.3428571428571425,71.43,6.6,Aprobado,6.6,Aprobado,B1
A00299,Paula Diaz,22,F,C1,Noche,4,3,7,5.3,42.86,4.1,Recupera,4.1,Recupera,C1
A00300,Antonella Castro,23,M,A3,Mañana,2,2,7,4.75,28.57,,Ausente,,Ausente,A3
A00301,Sofia Benitez,23,M,C1,Noche,7,4,7,6.428571428571429,57.14,8.5,Aprobado,8.5,Aprobado,C1
A00302,Nicolas Perez,22,M,A3,Mañana,6,5,7,6.6499999999999995,71.43,7.6,Aprobado,7.6,Aprobado,A3
A00303,Bautista Nuñez,19,F,A3,Mañana,0,0,7,,0.0,,Ausente,,Ausente,A3
A00304,Agustin Sanchez,25,F,C3,Noche,6,6,7,7.333333333333333,85.71,6.6,Aprobado,6.6,Aprobado,C3
A00305,Renata Sosa,17,M,C3,Noche,6,4,7,6.033333333333334,57.14,6.9,Aprobado,6.9,Aprobado,C3
A00306,Ignacio Gonzalez,19,M,A3,Mañana,5,4,7,5.74,57.14,,Ausente,,Ausente,A3
A00307,Renata Ortiz,24,F,B2,Tarde,5,5,7,5.5200000000000005,71.43,3.0,Desaprobado,3.0,Desaprobado,B2
A00308,Nicolas Sosa,20,F,B1,Tarde,7,5,7,6.485714285714286,71.43,6.7,Aprobado,6.7,Aprobado,B1
A00309,Felipe Lopez,17,F,A3,Mañana,6,3,7,6.3,42.86,,Ausente,,Ausente,A3
A00310,Guadalupe Ortiz,21,M,B2,Tarde,3,2,7,6.133333333333333,28.57,5.0,Recupera,5.0,Recupera,B2
A00311,Martina Martinez,22,F,B1,Tarde,1,0,7,5.1,0.0,,Ausente,,Ausente,B1
A00312,Mia Garcia,29,M,B1,Tarde,6,4,7,6.0,57.14,,Ausente,,Ausente,B1
A00313,Mia Torres,20,F,A1,Mañana,7,6,7,6.857142857142857,85.71,,Ausente,,Ausente,A1
A00314,Bautista Sosa,20,F,B1,Tarde,2,2,7,5.75,28.57,,Ausente,,Ausente,B1
A00315,Martina Sanchez,19,F,C2,Noche,1,0,7,5.1,0.0,,Ausente,,Ausente,C2
A00316,Martina Vega,25,M,C2,Noche,3,2,7,5.033333333333334,28.57,5.0,Recupera,5.0,Recupera,C2
A00317,Pilar Aguirre,22,M,C2,Noche,7,7,7,8.5,100.0,8.7,Aprobado,8.7,Aprobado,C2
A00318,Manuel Diaz,24,F,A2,Mañana,6,5,7,7.183333333333334,71.43,,Ausente,,Ausente,A2
A00319,Julieta Silva,19,F,C3,Noche,6,6,7,6.383333333333334,85.71,7.4,Aprobado,7.4,Aprobado,C3
A00320,Camila Cabrera,19,M,A1,Mañana,6,3,7,4.883333333333333,42.86,,Ausente,,Ausente,A1
A00321,Benjamin Aguirre,17,M,C3,Noche,6,5,7,5.033333333333334,71.43,,Ausente,,Ausente,C3
A00322,Federico Suarez,25,M,B2,Tarde,6,6,7,7.416666666666667,85.71,5.8,Recupera,5.8,Recupera,B2
A00323,Sofia Sosa,28,M,B2,Tarde,7,7,7,8.214285714285714,100.0,8.3,Aprobado,8.3,Aprobado,B2
A00324,Mora Lopez,18,M,B1,Tarde,7,7,7,8.328571428571427,100.0,10.0,Aprobado,10.0,Aprobado,B1
A00325,Catalina Suarez,23,M,C2,Noche,6,4,7,5.133333333333333,57.14,,Ausente,,Ausente,C2
A00326,Sofia Sosa,17,M,C2,Noche,7,7,7,6.214285714285714,100.0,7.0,Aprobado,7.0,Aprobado,C2
A00327,Lucas Herrera,32,M,B2,Tarde,7,7,7,8.542857142857143,100.0,7.1,Aprobado,7.1,Aprobado,B2
A00328,Bruno Lopez,22,F,B2,Tarde,5,3,7,5.36,42.86,,Ausente,,Ausente,B2
A00329,Manuel Martinez,29,M,A1,Mañana,4,2,7,5.824999999999999,28.57,4.9,Recupera,4.9,Recupera,A1
A00330,Julieta Acosta,17,F,A1,Mañana,0,0,7,,0.0,,Ausente,,Ausente,A1
A00331,Felipe Rojas,17,F,C3,Noche,0,0,7,,0.0,,Ausente,,Ausente,C3
A00332,Lucas Garcia,22,M,A3,Mañana,5,4,7,6.18,57.14,4.1,Recupera,4.1,Recupera,A3
A00333,Ignacio Sosa,17,F,A3,Mañana,2,2,7,5.85,28.57,,Ausente,,Ausente,A3
A00334,Mateo Flores,17,M,B2,Tarde,6,4,7,5.5,57.14,5.1,Recupera,5.1,Recupera,B2
A00335,Martina Medina,22,M,B1,Tarde,7,7,7,8.1,100.0,8.5,Aprobado,8.5,Aprobado,B1
A00336,Renata Castro,24,M,B1,Tarde,7,6,7,6.914285714285714,85.71,,Ausente,,Ausente,B1
A00337,Mateo Aguirre,21,F,C2,Noche,5,3,7,3.96,42.86,,Ausente,,Ausente,C2
A00338,Tomas Ortiz,17,M,B1,Tarde,7,6,7,8.028571428571428,85.71,8.7,Aprobado,8.7,Aprobado,B1
A00339,Renata Medina,23,F,A1,Mañana,6,4,7,7.516666666666667,57.14,7.9,Aprobado,7.9,Aprobado,A1
A00340,Olivia Alvarez,17,M,B1,Tarde,7,5,7,8.085714285714285,71.43,8.6,Aprobado,8.6,Aprobado,B1
A00341,Nicolas Gonzalez,25,M,C4,Noche,5,3,7,5.42,42.86,6.2,Aprobado,6.2,Aprobado,C4
A00342,Valentina Fernandez,17,M,B2,Tarde,2,1,7,5.25,14.29,,Ausente,,Ausente,B2
A00343,Lucia Ramirez,18,M,B2,Tarde,4,3,7,4.4,42.86,,Ausente,,Ausente,B2
A00344,Renata Ramirez,27,F,C2,Noche,4,1,7,5.2,14.29,5.6,Recupera,5.6,Recupera,C2
A00345,Lucia Castro,20,F,C4,Noche,1,1,7,5.8,14.29,,Ausente,,Ausente,C4
A00346,Nicolas Flores,22,M,A3,Mañana,4,3,7,5.7,42.86,,Ausente,,Ausente,A3
A00347,Santino Molina,19,M,C3,Noche,1,0,7,3.6,0.0,,Ausente,,Ausente,C3
A00348,Sofia Herrera,17,X,B1,Tarde,6,3,7,5.833333333333333,42.86,6.9,Aprobado,6.9,Aprobado,B1
A00349,Pilar Perez,29,F,B2,Tarde,3,1,7,4.3,14.29,,Ausente,,Ausente,B2
A00350,Pilar Gonzalez,21,M,C4,Noche,5,3,7,3.96,42.86,6.2,Aprobado,6.2,Aprobado,C4
A00351,Manuel Cabrera,17,M,C3,Noche,0,0,7,,0.0,,Ausente,,Ausente,C3
A00352,Julieta Acosta,22,M,B1,Tarde,7,6,7,6.142857142857143,85.71,6.6,Aprobado,6.6,Aprobado,B1
A00353,Lautaro Medina,18,F,B2,Tarde,7,7,7,8.342857142857143,100.0,8.5,Aprobado,8.5,Aprobado,B2
A00354,Felipe Garcia,19,F,B2,Tarde,5,4,7,4.7,57.14,,Ausente,,Ausente,B2
A00355,Maximo Nuñez,24,F,A3,Mañana,7,6,7,7.0857142857142845,85.71,8.9,Aprobado,8.9,Aprobado,A3
A00356,Maximo Perez,23,M,B1,Tarde,6,4,7,6.533333333333334,57.14,6.0,Aprobado,6.0,Aprobado,B1
A00357,Nicolas Romero,21,M,B2,Tarde,1,1,7,4.6,14.29,,Ausente,,Ausente,B2
A00358,Lucia Romero,20,F,B1,Tarde,7,7,7,9.014285714285714,100.0,9.8,Aprobado,9.8,Aprobado,B1
A00359,Lucas Garcia,28,M,B1,Tarde,6,3,7,5.5,42.86,6.4,Aprobado,6.4,Aprobado,B1
A00360,Catalina Cabrera,23,M,C2,Noche,6,5,7,4.533333333333333,71.43,,Ausente,,Ausente,C2
A00361,Agustin Martinez,23,F,B2,Tarde,6,6,7,8.016666666666667,85.71,,Ausente,,Ausente,B2
A00362,Mia Silva,19,F,B2,Tarde,3,2,7,5.533333333333334,28.57,8.6,Aprobado,8.6,Aprobado,B2
A00363,Lucas Molina,17,F,B1,Tarde,6,5,7,6.816666666666666,71.43,,Ausente,,Ausente,B1
A00364,Valentino Medina,22,M,B2,Tarde,6,4,7,4.933333333333334,57.14,4.3,Recupera,4.3,Recupera,B2
A00365,Felipe Martinez,20,F,B2,Tarde,1,1,7,3.8,14.29,,Ausente,,Ausente,B2
A00366,Isabella Torres,23,F,C4,Noche,0,0,7,,0.0,,Ausente,,Ausente,C4
A00367,Antonella Vega,26,M,C2,Noche,7,7,7,8.142857142857142,100.0,7.5,Aprobado,7.5,Aprobado,C2
A00368,Sofia Luna,27,F,C1,Noche,5,5,7,6.4,71.43,5.8,Recupera,5.8,Recupera,C1
A00369,Florencia Fernandez,24,M,A1,Mañana,7,6,7,8.0,85.71,9.1,Aprobado,9.1,Aprobado,A1
A00370,Bautista Torres,23,M,B1,Tarde,5,3,7,5.88,42.86,,Ausente,,Ausente,B1
A00371,Valentino Perez,24,M,A1,Mañana,6,5,7,5.566666666666666,71.43,,Ausente,,Ausente,A1
A00372,Santino Acosta,27,F,C2,Noche,6,6,7,6.533333333333334,85.71,,Ausente,,Ausente,C2
A00373,Joaquin Rodriguez,24,M,B2,Tarde,7,4,7,6.971428571428571,57.14,5.8,Recupera,5.8,Recupera,B2
A00374,Mora Ruiz,20,F,A2,Mañana,6,5,7,6.566666666666667,71.43,5.7,Recupera,5.7,Recupera,A2
A00375,Pilar Perez,25,M,A2,Mañana,6,4,7,6.933333333333334,57.14,8.7,Aprobado,8.7,Aprobado,A2
A00376,Joaquin Sanchez,21,M,C2,Noche,5,4,7,5.1,57.14,,Ausente,,Ausente,C2
A00377,Delfina Garcia,19,F,B2,Tarde,6,4,7,5.716666666666666,57.14,4.6,Recupera,4.6,Recupera,B2
A00378,Lautaro Ruiz,20,M,A2,Mañana,5,5,7,6.4,71.43,6.2,Aprobado,6.2,Aprobado,A2
A00379,Valentina Flores,27,M,C1,Noche,3,1,7,4.3,14.29,,Ausente,,Ausente,C1
A00380,Benjamin Herrera,27,F,B1,Tarde,7,7,7,7.085714285714286,100.0,7.5,Aprobado,7.5,Aprobado,B1
A00381,Sofia Torres,21,F,A3,Mañana,6,4,7,5.8,57.14,3.7,Desaprobado,3.7,Desaprobado,A3
A00382,Olivia Diaz,18,M,B1,Tarde,0,0,7,,0.0,,Ausente,,Ausente,B1
A00383,Felipe Rojas,31,M,A1,Mañana,7,7,7,7.971428571428572,100.0,8.5,Aprobado,8.5,Aprobado,A1
A00384,Mia Acosta,27,F,B1,Tarde,6,5,7,6.733333333333333,71.43,8.7,Aprobado,8.7,Aprobado,B1
A00385,Antonella Ruiz,25,F,B2,Tarde,7,6,7,8.542857142857143,85.71,8.6,Aprobado,8.6,Aprobado,B2
A00386,Felipe Vega,19,M,B1,Tarde,0,0,7,,0.0,,Ausente,,Ausente,B1
A00387,Manuel Ramirez,17,F,A3,Mañana,6,3,7,5.8500000000000005,42.86,4.4,Recupera,4.4,Recupera,A3
A00388,Delfina Lopez,26,M,C3,Noche,7,7,7,8.22857142857143,100.0,8.5,Aprobado,8.5,Aprobado,C3
A00389,Manuel Diaz,17,F,A3,Mañana,6,5,7,7.733333333333333,71.43,8.0,Aprobado,8.0,Aprobado,A3
A00390,Julieta Garcia,27,M,A3,Mañana,7,7,7,9.142857142857142,100.0,9.0,Aprobado,9.0,Aprobado,A3
A00391,Pilar Torres,21,F,B1,Tarde,3,1,7,4.133333333333333,14.29,,Ausente,,Ausente,B1
A00392,Tomas Rojas,17,F,C3,Noche,6,6,7,6.916666666666667,85.71,5.6,Recupera,5.6,Recupera,C3
A00393,Delfina Silva,24,M,B2,Tarde,7,4,7,6.314285714285715,57.14,5.6,Recupera,5.6,Recupera,B2
A00394,Valentino Suarez,18,F,C2,Noche,6,5,7,5.666666666666667,71.43,6.1,Aprobado,6.1,Aprobado,C2
A00395,Ignacio Castro,17,F,A2,Mañana,7,5,7,8.585714285714285,71.43,9.1,Aprobado,9.1,Aprobado,A2
A00396,Felipe Suarez,31,F,A1,Mañana,3,3,7,4.133333333333334,42.86,,Ausente,,Ausente,A1
A00397,Camila Benitez,17,F,C3,Noche,3,1,7,3.8000000000000003,14.29,,Ausente,,Ausente,C3
A00398,Antonella Castro,31,F,B1,Tarde,0,0,7,,0.0,,Ausente,,Ausente,B1
A00399,Diego Silva,24,F,C1,Noche,7,7,7,8.4,100.0,5.5,Recupera,5.5,Recupera,C1
A00400,Martina Silva,24,F,C1,Noche,6,5,7,6.3,71.43,8.4,Aprobado,8.4,Aprobado,C1
A00401,Diego Medina,26,M,A1,Mañana,7,5,7,8.585714285714285,71.43,9.9,Aprobado,9.9,Aprobado,A1
A00402,Mora Acosta,20,M,C1,Noche,7,7,7,6.571428571428571,100.0,4.5,Recupera,4.5,Recupera,C1
A00403,Bautista Luna,23,F,A2,Mañana,7,6,7,8.614285714285714,85.71,8.4,Aprobado,8.4,Aprobado,A2
A00404,Victoria Torres,23,F,B1,Tarde,3,3,7,6.066666666666666,42.86,,Ausente,,Ausente,B1
A00405,Camila Garcia,17,M,B1,Tarde,7,6,7,6.971428571428571,85.71,7.2,Aprobado,7.2,Aprobado,B1
A00406,Diego Fernandez,17,M,C3,Noche,6,4,7,5.95,57.14,5.7,Recupera,5.7,Recupera,C3
A00407,Mia Fernandez,28,M,A1,Mañana,4,3,7,4.925,42.86,6.6,Aprobado,6.6,Aprobado,A1
A00408,Benjamin Silva,25,M,B2,Tarde,6,6,7,8.6,85.71,9.3,Aprobado,9.3,Aprobado,B2
A00409,Pilar Torres,23,M,A1,Mañana,7,7,7,8.742857142857144,100.0,7.2,Aprobado,7.2,Aprobado,A1
A00410,Victoria Molina,17,M,A3,Mañana,6,3,7,6.75,42.86,8.0,Aprobado,8.0,Aprobado,A3
A00411,Martina Rodriguez,18,M,C1,Noche,3,1,7,3.9,14.29,7.1,Aprobado,7.1,Aprobado,C1
A00412,Mora Aguirre,25,M,A1,Mañana,6,4,7,4.716666666666667,57.14,,Ausente,,Ausente,A1
A00413,Mora Diaz,17,F,B1,Tarde,6,4,7,6.783333333333334,57.14,7.2,Aprobado,7.2,Aprobado,B1
A00414,Benjamin Perez,22,X,C4,Noche,7,7,7,8.571428571428571,100.0,7.5,Aprobado,7.5,Aprobado,C4
A00415,Antonella Ruiz,23,M,B2,Tarde,6,4,7,5.683333333333334,57.14,,Ausente,,Ausente,B2
A00416,Antonella Medina,26,F,B2,Tarde,7,5,7,8.357142857142858,71.43,9.2,Aprobado,9.2,Aprobado,B2
A00417,Santino Ramirez,28,F,B2,Tarde,7,7,7,5.814285714285715,100.0,8.2,Aprobado,8.2,Aprobado,B2
A00418,Florencia Fernandez,18,M,B2,Tarde,6,5,7,6.583333333333333,71.43,6.3,Aprobado,6.3,Aprobado,B2
A00419,Julieta Martinez,25,F,C4,Noche,5,3,7,4.26,42.86,,Ausente,,Ausente,C4
A00420,Valentina Vega,19,M,C1,Noche,5,4,7,4.5600000000000005,57.14,4.9,Recupera,4.9,Recupera,C1
A00421,Agustin Luna,22,M,A2,Mañana,1,1,7,5.6,14.29,,Ausente,,Ausente,A2
A00422,Agustin Ruiz,25,M,A2,Mañana,4,4,7,6.7,57.14,,Ausente,,Ausente,A2
A00423,Sofia Romero,21,M,B1,Tarde,6,5,7,6.8999999999999995,71.43,,Ausente,,Ausente,B1
A00424,Olivia Aguirre,22,F,C4,Noche,5,1,7,4.4399999999999995,14.29,6.6,Aprobado,6.6,Aprobado,C4
A00425,Bautista Castro,28,F,C3,Noche,6,4,7,7.5,57.14,7.3,Aprobado,7.3,Aprobado,C3
A00426,Manuel Fernandez,24,F,C2,Noche,7,6,7,7.085714285714286,85.71,5.6,Recupera,5.6,Recupera,C2
A00427,Mora Nuñez,23,M,B2,Tarde,7,5,7,6.442857142857143,71.43,,Ausente,,Ausente,B2
A00428,Joaquin Torres,34,M,B1,Tarde,7,6,7,6.442857142857143,85.71,7.1,Aprobado,7.1,Aprobado,B1
A00429,Thiago Perez,22,F,C4,Noche,7,7,7,8.742857142857144,100.0,9.5,Aprobado,9.5,Aprobado,C4
A00430,Felipe Sanchez,25,F,C4,Noche,6,5,7,6.083333333333333,71.43,,Ausente,,Ausente,C4
A00431,Diego Gonzalez,34,F,A2,Mañana,7,5,7,6.714285714285714,71.43,6.6,Aprobado,6.6,Aprobado,A2
A00432,Florencia Lopez,17,F,B1,Tarde,7,6,7,7.085714285714286,85.71,7.8,Aprobado,7.8,Aprobado,B1
A00433,Agustin Lopez,17,F,B2,Tarde,5,3,7,4.9,42.86,,Ausente,,Ausente,B2
A00434,Mia Cabrera,17,F,A1,Mañana,7,7,7,8.5,100.0,9.0,Aprobado,9.0,Aprobado,A1
A00435,Bruno Flores,19,M,A1,Mañana,5,3,7,4.0200000000000005,42.86,4.3,Recupera,4.3,Recupera,A1
A00436,Lucas Silva,31,M,B1,Tarde,1,0,7,6.7,0.0,,Ausente,,Ausente,B1
A00437,Mia Gonzalez,29,F,C3,Noche,3,2,7,4.966666666666667,28.57,6.5,Aprobado,6.5,Aprobado,C3
A00438,Olivia Nuñez,20,F,A3,Mañana,7,7,7,8.414285714285715,100.0,8.3,Aprobado,8.3,Aprobado,A3
A00439,Olivia Torres,17,M,C2,Noche,7,6,7,7.871428571428572,85.71,6.1,Aprobado,6.1,Aprobado,C2
A00440,Victoria Herrera,25,M,A2,Mañana,5,3,7,5.220000000000001,42.86,,Ausente,,Ausente,A2
A00441,Mia Acosta,23,M,B1,Tarde,5,3,7,5.5,42.86,3.1,Desaprobado,3.1,Desaprobado,B1
A00442,Mateo Fernandez,24,F,C3,Noche,7,6,7,6.871428571428572,85.71,3.6,Desaprobado,3.6,Desaprobado,C3
A00443,Florencia Gonzalez,23,F,C4,Noche,6,5,7,7.05,71.43,8.0,Aprobado,8.0,Aprobado,C4
A00444,Bautista Benitez,17,M,B1,Tarde,5,3,7,7.18,42.86,,Ausente,,Ausente,B1
A00445,Paula Alvarez,22,M,B1,Tarde,5,5,7,7.56,71.43,6.5,Aprobado,6.5,Aprobado,B1
A00446,Federico Gonzalez,22,M,A1,Mañana,7,7,7,6.485714285714286,100.0,8.1,Aprobado,8.1,Aprobado,A1
A00447,Felipe Luna,21,F,C4,Noche,7,5,7,3.4857142857142853,71.43,6.4,Aprobado,6.4,Aprobado,C4
A00448,Victoria Castro,17,M,C3,Noche,7,7,7,6.371428571428572,100.0,5.9,Recupera,5.9,Recupera,C3
A00449,Pilar Martinez,18,M,A3,Mañana,6,5,7,6.8,71.43,5.7,Recupera,5.7,Recupera,A3
A00450,Gabriel Nuñez,27,F,A2,Mañana,7,5,7,6.8428571428571425,71.43,,Ausente,,Ausente,A2
A00451,Victoria Sanchez,27,F,A2,Mañana,7,5,7,7.142857142857143,71.43,5.4,Recupera,5.4,Recupera,A2
A00452,Guadalupe Flores,29,M,A3,Mañana,6,3,7,5.516666666666667,42.86,6.2,Aprobado,6.2,Aprobado,A3
A00453,Catalina Nuñez,24,F,C1,Noche,5,2,7,4.88,28.57,,Ausente,,Ausente,C1
A00454,Bautista Suarez,22,F,A2,Mañana,5,4,7,4.5,57.14,5.6,Recupera,5.6,Recupera,A2
A00455,Gabriel Suarez,31,M,B1,Tarde,7,5,7,8.314285714285715,71.43,8.5,Aprobado,8.5,Aprobado,B1
A00456,Lucas Vega,17,M,A2,Mañana,1,1,7,7.5,14.29,,Ausente,,Ausente,A2
A00457,Antonella Ruiz,20,X,B2,Tarde,5,3,7,6.32,42.86,6.4,Aprobado,6.4,Aprobado,B2
A00458,Paula Castro,28,X,A2,Mañana,6,6,7,6.900000000000001,85.71,,Ausente,,Ausente,A2
A00459,Valentina Benitez,21,M,A1,Mañana,4,4,7,6.199999999999999,57.14,,Ausente,,Ausente,A1
A00460,Lautaro Fernandez,22,F,C1,Noche,4,2,7,5.475,28.57,4.5,Recupera,4.5,Recupera,C1
A00461,Federico Sanchez,22,M,C2,Noche,6,5,7,7.3500000000000005,71.43,8.0,Aprobado,8.0,Aprobado,C2
A00462,Gabriel Gonzalez,26,M,B1,Tarde,5,4,7,5.7,57.14,,Ausente,,Ausente,B1
A00463,Maximo Ortiz,19,F,A2,Mañana,6,4,7,7.3,57.14,8.5,Aprobado,8.5,Aprobado,A2
A00464,Catalina Cabrera,17,F,A3,Mañana,6,4,7,5.016666666666667,57.14,,Ausente,,Ausente,A3
A00465,Gabriel Aguirre,23,F,C4,Noche,5,4,7,7.9,57.14,5.6,Recupera,5.6,Recupera,C4
A00466,Diego Silva,22,M,C4,Noche,6,4,7,7.166666666666667,57.14,,Ausente,,Ausente,C4
A00467,Mateo Ortiz,19,F,A3,Mañana,7,6,7,8.2,85.71,8.5,Aprobado,8.5,Aprobado,A3
A00468,Manuel Perez,28,M,C2,Noche,2,1,7,3.5,14.29,,Ausente,,Ausente,C2
A00469,Diego Torres,17,F,B2,Tarde,5,4,7,6.7,57.14,6.1,Aprobado,6.1,Aprobado,B2
A00470,Valentina Sosa,21,F,B1,Tarde,2,1,7,4.25,14.29,,Ausente,,Ausente,B1
A00471,Catalina Perez,19,F,C4,Noche,6,6,7,6.783333333333334,85.71,6.5,Aprobado,6.5,Aprobado,C4
A00472,Mora Sanchez,27,F,C4,Noche,3,3,7,6.833333333333333,42.86,3.3,Desaprobado,3.3,Desaprobado,C4
A00473,Federico Vega,32,F,B2,Tarde,6,5,7,7.483333333333333,71.43,6.9,Aprobado,6.9,Aprobado,B2
A00474,Lautaro Rodriguez,26,F,A2,Mañana,0,0,7,,0.0,,Ausente,,Ausente,A2
A00475,Agustin Suarez,17,M,A3,Mañana,7,7,7,7.971428571428571,100.0,9.4,Aprobado,9.4,Aprobado,A3
A00476,Lucas Ruiz,23,F,B1,Tarde,7,7,7,8.2,100.0,5.6,Recupera,5.6,Recupera,B1
A00477,Nicolas Alvarez,18,F,A1,Mañana,3,2,7,5.466666666666666,28.57,,Ausente,,Ausente,A1
A00478,Renata Sanchez,23,F,B1,Tarde,5,5,7,5.359999999999999,71.43,,Ausente,,Ausente,B1
A00479,Manuel Medina,27,M,A2,Mañana,7,4,7,6.857142857142857,57.14,7.6,Aprobado,7.6,Aprobado,A2
A00480,Ignacio Herrera,17,M,C1,Noche,6,5,7,5.833333333333333,71.43,7.4,Aprobado,7.4,Aprobado,C1
A00481,Mateo Rodriguez,20,F,A2,Mañana,5,4,7,7.06,57.14,7.7,Aprobado,7.7,Aprobado,A2
A00482,Lucia Gonzalez,21,F,A3,Mañana,1,1,7,9.3,14.29,,Ausente,,Ausente,A3
A00483,Antonella Vega,33,M,A3,Mañana,2,1,7,5.199999999999999,14.29,,Ausente,,Ausente,A3
A00484,Maximo Sosa,20,M,A3,Mañana,7,3,7,4.742857142857143,42.86,4.8,Recupera,4.8,Recupera,A3
A00485,Lucas Torres,27,F,A2,Mañana,7,6,7,8.814285714285715,85.71,7.6,Aprobado,7.6,Aprobado,A2
A00486,Santino Lopez,22,F,C4,Noche,7,5,7,6.028571428571429,71.43,,Ausente,,Ausente,C4
A00487,Renata Herrera,17,F,C3,Noche,6,4,7,6.8,57.14,5.0,Recupera,5.0,Recupera,C3
A00488,Santino Suarez,21,F,C4,Noche,7,6,7,7.314285714285715,85.71,7.9,Aprobado,7.9,Aprobado,C4
A00489,Lucia Fernandez,18,F,A1,Mañana,7,7,7,6.714285714285714,100.0,7.4,Aprobado,7.4,Aprobado,A1
A00490,Emma Alvarez,22,M,B1,Tarde,6,5,7,7.133333333333333,71.43,7.0,Aprobado,7.0,Aprobado,B1
A00491,Felipe Sanchez,28,M,C2,Noche,7,7,7,6.171428571428572,100.0,4.2,Recupera,4.2,Recupera,C2
A00492,Olivia Ramirez,17,M,C4,Noche,5,3,7,4.04,42.86,,Ausente,,Ausente,C4
A00493,Agustin Ruiz,24,F,C2,Noche,2,1,7,4.5,14.29,,Ausente,,Ausente,C2
A00494,Olivia Nuñez,25,M,C4,Noche,6,3,7,7.25,42.86,6.1,Aprobado,6.1,Aprobado,C4
A00495,Valentino Flores,18,M,C1,Noche,6,6,7,7.583333333333333,85.71,7.6,Aprobado,7.6,Aprobado,C1
A00496,Valentina Silva,23,M,C1,Noche,6,6,7,7.766666666666666,85.71,,Ausente,,Ausente,C1
A00497,Martina Ramirez,17,F,A2,Mañana,6,5,7,7.483333333333333,71.43,4.9,Recupera,4.9,Recupera,A2
A00498,Lucia Sosa,17,X,A3,Mañana,7,4,7,6.285714285714286,57.14,6.5,Aprobado,6.5,Aprobado,A3
A00499,Bruno Vega,21,M,B1,Tarde,6,6,7,6.383333333333333,85.71,6.9,Aprobado,6.9,Aprobado,B1
A00500,Valentina Cabrera,18,M,A2,Mañana,7,6,7,6.642857142857143,85.71,5.3,Recupera,5.3,Recupera,A2
A00501,Bruno Sanchez,24,M,C3,Noche,4,2,7,4.275,28.57,,Ausente,,Ausente,C3
A00502,Manuel Torres,17,M,A2,Mañana,6,4,7,6.566666666666666,57.14,7.0,Aprobado,7.0,Aprobado,A2
A00503,Diego Garcia,23,F,B1,Tarde,0,0,7,,0.0,,Ausente,,Ausente,B1
A00504,Tomas Ruiz,22,M,A1,Mañana,4,3,7,6.375,42.86,7.2,Aprobado,7.2,Aprobado,A1
A00505,Lautaro Romero,26,F,B1,Tarde,5,3,7,7.140000000000001,42.86,6.8,Aprobado,6.8,Aprobado,B1
A00506,Renata Rojas,18,F,A3,Mañana,7,5,7,7.142857142857143,71.43,6.8,Aprobado,6.8,Aprobado,A3
A00507,Joaquin Herrera,22,F,C2,Noche,6,5,7,6.533333333333334,71.43,,Ausente,,Ausente,C2
A00508,Ignacio Acosta,19,F,A1,Mañana,7,7,7,8.7,100.0,10.0,Aprobado,10.0,Aprobado,A1
A00509,Catalina Diaz,17,F,A3,Mañana,6,5,7,6.733333333333333,71.43,6.6,Aprobado,6.6,Aprobado,A3
A00510,Federico Martinez,24,M,A2,Mañana,4,2,7,3.625,28.57,,Ausente,,Ausente,A2
A00511,Bautista Castro,22,F,B1,Tarde,7,7,7,8.528571428571428,100.0,7.9,Aprobado,7.9,Aprobado,B1
A00512,Bautista Ortiz,24,M,B2,Tarde,7,7,7,8.4,100.0,7.8,Aprobado,7.8,Aprobado,B2
A00513,Agustin Garcia,19,F,B1,Tarde,4,3,7,4.875,42.86,4.0,Recupera,4.0,Recupera,B1
A00514,Manuel Romero,18,F,C4,Noche,0,0,7,,0.0,,Ausente,,Ausente,C4
A00515,Valentino Diaz,22,F,C4,Noche,5,3,7,6.779999999999999,42.86,7.0,Aprobado,7.0,Aprobado,C4
A00516,Pilar Rojas,28,F,A1,Mañana,7,6,7,8.542857142857143,85.71,8.2,Aprobado,8.2,Aprobado,A1
A00517,Agustin Acosta,22,M,A1,Mañana,7,5,7,7.1000000000000005,71.43,7.2,Aprobado,7.2,Aprobado,A1
A00518,Nicolas Diaz,28,M,B1,Tarde,1,1,7,4.6,14.29,,Ausente,,Ausente,B1
A00519,Olivia Acosta,22,M,C2,Noche,3,1,7,3.1999999999999997,14.29,,Ausente,,Ausente,C2
A00520,Camila Torres,26,F,C4,Noche,2,0,7,5.550000000000001,0.0,,Ausente,,Ausente,C4
A00521,Renata Benitez,20,M,B2,Tarde,1,1,7,5.1,14.29,,Ausente,,Ausente,B2
A00522,Camila Torres,20,M,B2,Tarde,2,1,7,3.75,14.29,,Ausente,,Ausente,B2
A00523,Joaquin Silva,19,M,C3,Noche,3,1,7,5.233333333333333,14.29,,Ausente,,Ausente,C3
A00524,Camila Castro,17,M,C2,Noche,7,6,7,8.642857142857142,85.71,8.1,Aprobado,8.1,Aprobado,C2
A00525,Nicolas Castro,19,M,A2,Mañana,3,0,7,3.4333333333333336,0.0,,Ausente,,Ausente,A2
A00526,Valentina Suarez,17,F,B1,Tarde,6,4,7,4.716666666666667,57.14,10.0,Aprobado,10.0,Aprobado,B1
A00527,Gabriel Ruiz,27,F,B1,Tarde,1,1,7,5.2,14.29,,Ausente,,Ausente,B1
A00528,Santino Herrera,33,F,A3,Mañana,7,7,7,6.071428571428571,100.0,6.0,Aprobado,6.0,Aprobado,A3
A00529,Bautista Rodriguez,17,F,A1,Mañana,5,4,7,7.38,57.14,6.3,Aprobado,6.3,Aprobado,A1
A00530,Camila Diaz,26,F,B1,Tarde,7,7,7,8.485714285714286,100.0,10.0,Aprobado,10.0,Aprobado,B1
A00531,Catalina Romero,29,F,B2,Tarde,5,4,7,4.84,57.14,1.8,Desaprobado,1.8,Desaprobado,B2
A00532,Maximo Rojas,22,M,B2,Tarde,6,4,7,5.483333333333333,57.14,9.1,Aprobado,9.1,Aprobado,B2
A00533,Santino Cabrera,19,M,C1,Noche,7,6,7,6.185714285714285,85.71,6.9,Aprobado,6.9,Aprobado,C1
A00534,Federico Sanchez,29,M,A1,Mañana,5,5,7,6.04,71.43,5.7,Recupera,5.7,Recupera,A1
A00535,Valentino Molina,17,F,A3,Mañana,6,4,7,6.716666666666666,57.14,6.7,Aprobado,6.7,Aprobado,A3
A00536,Guadalupe Nuñez,17,M,A1,Mañana,0,0,7,,0.0,,Ausente,,Ausente,A1
A00537,Manuel Sosa,24,M,B2,Tarde,6,5,7,7.083333333333333,71.43,8.3,Aprobado,8.3,Aprobado,B2
A00538,Felipe Flores,20,F,C1,Noche,5,2,7,5.58,28.57,5.0,Recupera,5.0,Recupera,C1
A00539,Olivia Sosa,21,F,B1,Tarde,5,3,7,4.64,42.86,,Ausente,,Ausente,B1
A00540,Renata Garcia,17,M,B2,Tarde,7,7,7,8.942857142857143,100.0,8.7,Aprobado,8.7,Aprobado,B2
A00541,Agustin Cabrera,17,F,B1,Tarde,3,3,7,5.5,42.86,6.7,Aprobado,6.7,Aprobado,B1
A00542,Manuel Molina,23,F,B1,Tarde,7,6,7,7.285714285714286,85.71,6.7,Aprobado,6.7,Aprobado,B1
A00543,Pilar Suarez,25,F,B2,Tarde,3,2,7,5.933333333333334,28.57,,Ausente,,Ausente,B2
A00544,Nicolas Suarez,29,F,A1,Mañana,4,3,7,6.7250000000000005,42.86,7.0,Aprobado,7.0,Aprobado,A1
A00545,Bautista Martinez,29,F,B1,Tarde,2,1,7,4.75,14.29,,Ausente,,Ausente,B1
A00546,Antonella Gonzalez,17,F,C1,Noche,4,4,7,4.2,57.14,,Ausente,,Ausente,C1
A00547,Agustin Rodriguez,27,M,C3,Noche,7,6,7,6.814285714285715,85.71,8.5,Aprobado,8.5,Aprobado,C3
A00548,Mateo Herrera,21,M,C4,Noche,2,2,7,6.5,28.57,,Ausente,,Ausente,C4
A00549,Mateo Rodriguez,20,M,A3,Mañana,7,4,7,7.571428571428571,57.14,7.0,Aprobado,7.0,Aprobado,A3
A00550,Valentina Molina,29,F,A3,Mañana,7,3,7,5.142857142857143,42.86,4.7,Recupera,4.7,Recupera,A3
A00551,Gabriel Diaz,26,M,C2,Noche,7,7,7,8.62857142857143,100.0,9.5,Aprobado,9.5,Aprobado,C2
A00552,Thiago Garcia,26,M,A1,Mañana,5,2,7,4.68,28.57,7.1,Aprobado,7.1,Aprobado,A1
A00553,Felipe Romero,28,M,B1,Tarde,4,1,7,5.275,14.29,,Ausente,,Ausente,B1
A00554,Mia Lopez,20,X,C3,Noche,6,5,7,6.6000000000000005,71.43,7.5,Aprobado,7.5,Aprobado,C3
A00555,Felipe Vega,19,M,A2,Mañana,6,4,7,6.983333333333333,57.14,6.1,Aprobado,6.1,Aprobado,A2
A00556,Sofia Ortiz,30,M,A2,Mañana,5,4,7,4.68,57.14,6.1,Aprobado,6.1,Aprobado,A2
A00557,Florencia Rojas,30,M,B2,Tarde,6,4,7,6.066666666666666,57.14,3.3,Desaprobado,3.3,Desaprobado,B2
A00558,Antonella Martinez,19,F,A2,Mañana,0,0,7,,0.0,,Ausente,,Ausente,A2
A00559,Felipe Flores,28,F,C4,Noche,7,7,7,8.371428571428572,100.0,8.3,Aprobado,8.3,Aprobado,C4
A00560,Lucas Ramirez,19,F,C2,Noche,7,7,7,8.342857142857143,100.0,6.7,Aprobado,6.7,Aprobado,C2
A00561,Victoria Lopez,18,M,B2,Tarde,5,5,7,7.42,71.43,4.9,Recupera,4.9,Recupera,B2
A00562,Bruno Fernandez,21,F,B2,Tarde,7,7,7,7.9142857142857155,100.0,8.5,Aprobado,8.5,Aprobado,B2
A00563,Victoria Flores,22,F,B2,Tarde,6,6,7,7.333333333333333,85.71,5.3,Recupera,5.3,Recupera,B2
A00564,Diego Ruiz,19,F,B1,Tarde,5,5,7,6.279999999999999,71.43,6.7,Aprobado,6.7,Aprobado,B1
A00565,Pilar Flores,20,M,C2,Noche,7,7,7,7.457142857142856,100.0,7.1,Aprobado,7.1,Aprobado,C2
A00566,Paula Gonzalez,19,M,C2,Noche,5,4,7,6.74,57.14,,Ausente,,Ausente,C2
A00567,Bruno Sanchez,23,F,A1,Mañana,5,5,7,7.640000000000001,71.43,7.4,Aprobado,7.4,Aprobado,A1
A00568,Catalina Molina,27,F,C2,Noche,6,4,7,6.216666666666666,57.14,,Ausente,,Ausente,C2
A00569,Mora Gonzalez,20,M,A1,Mañana,7,3,7,5.471428571428571,42.86,8.0,Aprobado,8.0,Aprobado,A1
A00570,Valentino Benitez,19,M,A2,Mañana,6,5,7,5.8999999999999995,71.43,9.1,Aprobado,9.1,Aprobado,A2
A00571,Catalina Gonzalez,23,F,A1,Mañana,6,4,7,6.6499999999999995,57.14,7.5,Aprobado,7.5,Aprobado,A1
A00572,Federico Gonzalez,22,M,B2,Tarde,5,5,7,6.7,71.43,7.4,Aprobado,7.4,Aprobado,B2
A00573,Lautaro Romero,22,M,C1,Noche,7,7,7,8.371428571428572,100.0,10.0,Aprobado,10.0,Aprobado,C1
A00574,Isabella Benitez,23,F,B2,Tarde,0,0,7,,0.0,,Ausente,,Ausente,B2
A00575,Lucas Sanchez,28,M,A3,Mañana,4,3,7,4.325,42.86,,Ausente,,Ausente,A3
A00576,Guadalupe Luna,19,M,C4,Noche,7,5,7,6.814285714285715,71.43,9.1,Aprobado,9.1,Aprobado,C4
A00577,Emma Medina,17,F,A2,Mañana,7,7,7,8.671428571428573,100.0,8.1,Aprobado,8.1,Aprobado,A2
A00578,Antonella Ortiz,22,F,A2,Mañana,7,5,7,4.871428571428572,71.43,,Ausente,,Ausente,A2
A00579,Lucas Benitez,19,F,A1,Mañana,6,6,7,5.05,85.71,8.4,Aprobado,8.4,Aprobado,A1
A00580,Martina Fernandez,23,M,B1,Tarde,7,6,7,7.0,85.71,8.1,Aprobado,8.1,Aprobado,B1
A00581,Catalina Martinez,17,F,B2,Tarde,5,5,7,4.74,71.43,4.7,Recupera,4.7,Recupera,B2
A00582,Pilar Herrera,30,F,B1,Tarde,7,7,7,8.457142857142857,100.0,9.7,Aprobado,9.7,Aprobado,B1
A00583,Mia Diaz,21,F,B1,Tarde,7,4,7,6.385714285714286,57.14,5.5,Recupera,5.5,Recupera,B1
A00584,Gabriel Nuñez,19,M,A2,Mañana,4,3,7,5.3,42.86,5.2,Recupera,5.2,Recupera,A2
A00585,Antonella Silva,28,M,A2,Mañana,2,1,7,6.15,14.29,,Ausente,,Ausente,A2
A00586,Felipe Lopez,22,F,B1,Tarde,7,6,7,7.971428571428571,85.71,7.7,Aprobado,7.7,Aprobado,B1
A00587,Pilar Rodriguez,23,F,C2,Noche,7,7,7,8.557142857142857,100.0,7.5,Aprobado,7.5,Aprobado,C2
A00588,Antonella Flores,22,F,C1,Noche,6,5,7,7.116666666666667,71.43,8.4,Aprobado,8.4,Aprobado,C1
A00589,Pilar Benitez,27,F,B1,Tarde,6,5,7,8.083333333333334,71.43,5.9,Recupera,5.9,Recupera,B1
A00590,Guadalupe Luna,20,M,C4,Noche,6,4,7,6.483333333333333,57.14,8.2,Aprobado,8.2,Aprobado,C4
A00591,Lucia Sanchez,17,F,C1,Noche,0,0,7,,0.0,,Ausente,,Ausente,C1
A00592,Valentino Rodriguez,19,M,B2,Tarde,7,7,7,8.214285714285714,100.0,9.1,Aprobado,9.1,Aprobado,B2
A00593,Gabriel Fernandez,21,M,B2,Tarde,0,0,7,,0.0,,Ausente,,Ausente,B2
A00594,Mia Vega,24,M,C3,Noche,6,3,7,5.066666666666666,42.86,6.0,Aprobado,6.0,Aprobado,C3
A00595,Nicolas Perez,22,F,C4,Noche,7,6,7,6.942857142857143,85.71,9.4,Aprobado,9.4,Aprobado,C4
A00596,Felipe Gonzalez,17,F,A3,Mañana,0,0,7,,0.0,,Ausente,,Ausente,A3
A00597,Manuel Rodriguez,18,M,C2,Noche,7,7,7,8.557142857142857,100.0,10.0,Aprobado,10.0,Aprobado,C2
A00598,Sofia Castro,18,F,A2,Mañana,6,6,7,6.866666666666666,85.71,,Ausente,,Ausente,A2
A00599,Federico Fernandez,17,X,B2,Tarde,6,6,7,7.033333333333334,85.71,4.8,Recupera,4.8,Recupera,B2
A00600,Valentino Suarez,22,M,B1,Tarde,5,1,7,5.26,14.29,4.9,Recupera,4.9,Recupera,B1
A00601,Julieta Suarez,18,F,A2,Mañana,5,3,7,6.16,42.86,5.2,Recupera,5.2,Recupera,A2
A00602,Renata Perez,23,M,C2,Noche,6,4,7,6.25,57.14,5.0,Recupera,5.0,Recupera,C2
A00603,Mora Lopez,27,F,C3,Noche,7,7,7,8.914285714285715,100.0,8.3,Aprobado,8.3,Aprobado,C3
A00604,Maximo Suarez,19,F,A3,Mañana,1,0,7,0.2,0.0,,Ausente,,Ausente,A3
A00605,Manuel Alvarez,17,M,B1,Tarde,1,1,7,7.1,14.29,,Ausente,,Ausente,B1
A00606,Delfina Alvarez,23,F,B2,Tarde,1,1,7,6.4,14.29,,Ausente,,Ausente,B2
A00607,Bautista Suarez,24,M,B1,Tarde,6,3,7,6.816666666666666,42.86,,Ausente,,Ausente,B1
A00608,Delfina Torres,20,F,B2,Tarde,7,5,7,4.5,71.43,6.2,Aprobado,6.2,Aprobado,B2
A00609,Lautaro Romero,23,M,B1,Tarde,7,6,7,6.414285714285714,85.71,5.8,Recupera,5.8,Recupera,B1
A00610,Manuel Sanchez,22,M,B1,Tarde,7,5,7,7.228571428571429,71.43,7.2,Aprobado,7.2,Aprobado,B1
A00611,Pilar Fernandez,21,F,C4,Noche,6,4,7,4.533333333333333,57.14,5.9,Recupera,5.9,Recupera,C4
A00612,Mia Rojas,28,M,B1,Tarde,6,6,7,7.416666666666667,85.71,6.0,Aprobado,6.0,Aprobado,B1
A00613,Federico Ortiz,17,F,C1,Noche,6,5,7,8.666666666666666,71.43,10.0,Aprobado,10.0,Aprobado,C1
A00614,Ignacio Gonzalez,17,M,A2,Mañana,5,4,7,6.980000000000001,57.14,4.3,Recupera,4.3,Recupera,A2
A00615,Agustin Nuñez,17,F,C1,Noche,6,2,7,5.983333333333333,28.57,,Ausente,,Ausente,C1
A00616,Martina Garcia,35,F,B1,Tarde,7,6,7,6.8,85.71,7.0,Aprobado,7.0,Aprobado,B1
A00617,Valentina Castro,23,M,B2,Tarde,5,4,7,3.94,57.14,,Ausente,,Ausente,B2
A00618,Mora Martinez,24,F,B2,Tarde,7,4,7,7.071428571428571,57.14,7.8,Aprobado,7.8,Aprobado,B2
A00619,Benjamin Martinez,27,F,B2,Tarde,7,6,7,7.514285714285714,85.71,,Ausente,,Ausente,B2
A00620,Benjamin Molina,20,M,A2,Mañana,4,1,7,5.275,14.29,9.4,Aprobado,9.4,Aprobado,A2
A00621,Diego Acosta,19,F,C1,Noche,0,0,7,,0.0,,Ausente,,Ausente,C1
A00622,Gabriel Fernandez,17,M,A3,Mañana,7,7,7,7.128571428571428,100.0,8.9,Aprobado,8.9,Aprobado,A3
A00623,Florencia Herrera,18,F,A1,Mañana,6,6,7,6.166666666666667,85.71,,Ausente,,Ausente,A1
A00624,Florencia Castro,24,M,A2,Mañana,6,5,7,5.066666666666666,71.43,,Ausente,,Ausente,A2
A00625,Thiago Gonzalez,21,M,C1,Noche,3,3,7,4.966666666666667,42.86,,Ausente,,Ausente,C1
A00626,Nicolas Castro,30,M,A2,Mañana,6,5,7,6.333333333333333,71.43,7.7,Aprobado,7.7,Aprobado,A2
A00627,Isabella Flores,21,M,C4,Noche,6,4,7,4.85,57.14,,Ausente,,Ausente,C4
A00628,Benjamin Rodriguez,23,F,B1,Tarde,5,4,7,6.24,57.14,,Ausente,,Ausente,B1
A00629,Mia Fernandez,21,M,B1,Tarde,6,5,7,6.066666666666666,71.43,5.2,Recupera,5.2,Recupera,B1
A00630,Isabella Herrera,24,M,C4,Noche,7,7,7,7.957142857142857,100.0,9.2,Aprobado,9.2,Aprobado,C4
A00631,Sofia Romero,23,M,B2,Tarde,0,0,7,,0.0,,Ausente,,Ausente,B2
A00632,Thiago Rodriguez,25,M,C1,Noche,7,6,7,6.871428571428572,85.71,8.7,Aprobado,8.7,Aprobado,C1
A00633,Olivia Nuñez,20,M,B1,Tarde,6,4,7,7.116666666666667,57.14,9.7,Aprobado,9.7,Aprobado,B1
A00634,Lucia Lopez,17,F,A1,Mañana,1,0,7,5.6,0.0,,Ausente,,Ausente,A1
A00635,Mora Flores,22,F,A3,Mañana,6,6,7,6.316666666666666,85.71,5.3,Recupera,5.3,Recupera,A3
A00636,Bruno Romero,27,M,B2,Tarde,6,5,7,7.55,71.43,,Ausente,,Ausente,B2
A00637,Antonella Lopez,21,F,A2,Mañana,6,5,7,8.083333333333334,71.43,9.4,Aprobado,9.4,Aprobado,A2
A00638,Julieta Herrera,17,M,A2,Mañana,7,7,7,7.628571428571428,100.0,9.0,Aprobado,9.0,Aprobado,A2
A00639,Antonella Luna,24,M,B2,Tarde,5,4,7,6.6,57.14,7.1,Aprobado,7.1,Aprobado,B2
A00640,Felipe Nuñez,20,M,C1,Noche,7,7,7,8.728571428571428,100.0,8.7,Aprobado,8.7,Aprobado,C1
A00641,Felipe Molina,17,F,C3,Noche,5,5,7,5.76,71.43,,Ausente,,Ausente,C3
A00642,Pilar Vega,26,F,C3,Noche,7,6,7,8.27142857142857,85.71,10.0,Aprobado,10.0,Aprobado,C3
A00643,Guadalupe Sosa,19,F,B1,Tarde,6,5,7,6.816666666666666,71.43,6.3,Aprobado,6.3,Aprobado,B1
A00644,Delfina Vega,23,M,C1,Noche,6,4,7,7.183333333333334,57.14,8.2,Aprobado,8.2,Aprobado,C1
A00645,Paula Herrera,25,F,B1,Tarde,6,4,7,8.4,57.14,8.9,Aprobado,8.9,Aprobado,B1
A00646,Diego Luna,17,F,A1,Mañana,0,0,7,,0.0,,Ausente,,Ausente,A1
A00647,Tomas Herrera,22,M,B1,Tarde,7,7,7,6.471428571428571,100.0,6.3,Aprobado,6.3,Aprobado,B1
A00648,Lautaro Torres,23,M,A1,Mañana,7,7,7,8.37142857142857,100.0,10.0,Aprobado,10.0,Aprobado,A1
A00649,Martina Lopez,17,M,C2,Noche,6,6,7,6.833333333333333,85.71,7.1,Aprobado,7.1,Aprobado,C2
A00650,Pilar Garcia,17,M,C3,Noche,6,4,7,7.3999999999999995,57.14,6.6,Aprobado,6.6,Aprobado,C3
A00651,Delfina Garcia,20,M,C2,Noche,3,1,7,5.366666666666667,14.29,,Ausente,,Ausente,C2
A00652,Tomas Nuñez,23,M,C4,Noche,7,6,7,7.757142857142857,85.71,6.1,Aprobado,6.1,Aprobado,C4
A00653,Agustin Vega,22,M,A1,Mañana,1,1,7,3.7,14.29,,Ausente,,Ausente,A1
A00654,Isabella Herrera,29,F,B1,Tarde,2,2,7,5.75,28.57,,Ausente,,Ausente,B1
A00655,Emma Fernandez,20,M,C2,Noche,3,3,7,6.666666666666667,42.86,5.8,Recupera,5.8,Recupera,C2
A00656,Bautista Rodriguez,18,F,B1,Tarde,4,3,7,5.675,42.86,,Ausente,,Ausente,B1
A00657,Valentino Alvarez,23,F,A2,Mañana,6,5,7,7.333333333333333,71.43,,Ausente,,Ausente,A2
A00658,Martina Luna,22,F,C3,Noche,5,5,7,6.0600000000000005,71.43,6.9,Aprobado,6.9,Aprobado,C3
A00659,Florencia Rodriguez,25,F,B1,Tarde,7,4,7,4.742857142857143,57.14,,Ausente,,Ausente,B1
A00660,Sofia Flores,31,F,C1,Noche,1,1,7,7.1,14.29,,Ausente,,Ausente,C1
A00661,Julieta Fernandez,18,F,C2,Noche,6,5,7,6.666666666666667,71.43,6.6,Aprobado,6.6,Aprobado,C2
A00662,Diego Molina,31,X,B1,Tarde,1,0,7,5.0,0.0,,Ausente,,Ausente,B1
A00663,Camila Perez,22,F,A3,Mañana,2,0,7,5.2,0.0,,Ausente,,Ausente,A3
A00664,Benjamin Lopez,17,M,C2,Noche,6,6,7,7.566666666666666,85.71,4.4,Recupera,4.4,Recupera,C2
A00665,Bruno Ramirez,20,M,B1,Tarde,7,7,7,8.428571428571429,100.0,8.8,Aprobado,8.8,Aprobado,B1
A00666,Tomas Sanchez,17,F,C2,Noche,7,4,7,6.1571428571428575,57.14,7.7,Aprobado,7.7,Aprobado,C2
A00667,Mora Sosa,20,F,C4,Noche,7,6,7,8.614285714285716,85.71,9.4,Aprobado,9.4,Aprobado,C4
A00668,Bruno Aguirre,22,M,B1,Tarde,5,3,7,4.720000000000001,42.86,,Ausente,,Ausente,B1
A00669,Bautista Torres,22,M,C4,Noche,7,5,7,7.671428571428572,71.43,7.8,Aprobado,7.8,Aprobado,C4
A00670,Julieta Sanchez,18,M,A3,Mañana,5,2,7,5.12,28.57,,Ausente,,Ausente,A3
A00671,Agustin Cabrera,23,M,B1,Tarde,1,1,7,6.2,14.29,,Ausente,,Ausente,B1
A00672,Maximo Romero,19,F,A1,Mañana,6,6,7,7.066666666666666,85.71,8.5,Aprobado,8.5,Aprobado,A1
A00673,Maximo Diaz,21,M,C2,Noche,6,5,7,6.333333333333333,71.43,,Ausente,,Ausente,C2
A00674,Bautista Acosta,25,M,B2,Tarde,6,5,7,4.933333333333334,71.43,1.9,Desaprobado,1.9,Desaprobado,B2
A00675,Lucia Herrera,31,M,C1,Noche,5,3,7,4.4799999999999995,42.86,,Ausente,,Ausente,C1
A00676,Mora Vega,17,F,C2,Noche,0,0,7,,0.0,,Ausente,,Ausente,C2
A00677,Guadalupe Benitez,18,F,A3,Mañana,0,0,7,,0.0,,Ausente,,Ausente,A3
A00678,Thiago Diaz,23,M,C4,Noche,4,4,7,5.875,57.14,5.4,Recupera,5.4,Recupera,C4
A00679,Thiago Luna,20,M,B1,Tarde,7,7,7,7.700000000000001,100.0,5.0,Recupera,5.0,Recupera,B1
A00680,Emma Garcia,24,M,C4,Noche,4,3,7,7.175,42.86,,Ausente,,Ausente,C4
A00681,Antonella Herrera,24,F,A3,Mañana,1,0,7,5.7,0.0,,Ausente,,Ausente,A3
A00682,Gabriel Ortiz,17,M,A3,Mañana,3,3,7,4.5,42.86,6.1,Aprobado,6.1,Aprobado,A3
A00683,Delfina Diaz,17,M,A1,Mañana,5,2,7,5.34,28.57,6.2,Aprobado,6.2,Aprobado,A1
A00684,Mia Luna,17,F,B2,Tarde,6,4,7,6.716666666666666,57.14,5.7,Recupera,5.7,Recupera,B2
A00685,Joaquin Vega,17,M,A3,Mañana,5,2,7,5.76,28.57,4.8,Recupera,4.8,Recupera,A3
A00686,Lucas Luna,20,F,C4,Noche,6,5,7,7.133333333333333,71.43,,Ausente,,Ausente,C4
A00687,Pilar Romero,21,F,C1,Noche,7,7,7,7.214285714285714,100.0,4.7,Recupera,4.7,Recupera,C1
A00688,Benjamin Herrera,18,M,C3,Noche,7,6,7,8.72857142857143,85.71,8.4,Aprobado,8.4,Aprobado,C3
A00689,Nicolas Molina,20,F,A3,Mañana,3,3,7,4.8,42.86,,Ausente,,Ausente,A3
A00690,Olivia Rodriguez,20,F,C2,Noche,5,3,7,5.24,42.86,,Ausente,,Ausente,C2
A00691,Victoria Rojas,22,M,A2,Mañana,6,5,7,4.5,71.43,,Ausente,,Ausente,A2
A00692,Valentino Rojas,27,F,C2,Noche,3,2,7,5.066666666666666,28.57,,Ausente,,Ausente,C2
A00693,Pilar Romero,19,M,B1,Tarde,7,6,7,8.714285714285714,85.71,8.9,Aprobado,8.9,Aprobado,B1
A00694,Federico Vega,20,M,C3,Noche,0,0,7,,0.0,,Ausente,,Ausente,C3
A00695,Federico Cabrera,22,F,B2,Tarde,5,5,7,7.6,71.43,6.8,Aprobado,6.8,Aprobado,B2
A00696,Joaquin Sosa,22,M,C2,Noche,1,1,7,5.9,14.29,,Ausente,,Ausente,C2
A00697,Benjamin Acosta,26,F,A3,Mañana,7,6,7,6.957142857142857,85.71,7.8,Aprobado,7.8,Aprobado,A3
A00698,Martina Romero,28,M,C4,Noche,7,4,7,6.1571428571428575,57.14,7.3,Aprobado,7.3,Aprobado,C4
A00699,Isabella Garcia,30,M,C1,Noche,3,1,7,4.133333333333334,14.29,,Ausente,,Ausente,C1
A00700,Valentina Benitez,23,F,A1,Mañana,5,3,7,6.9799999999999995,42.86,6.6,Aprobado,6.6,Aprobado,A1
